-1.54536,-1.13073,-0.543328,-0.293072,-0.176552,-0.115618,-0.0802382,-0.0577803,-0.0424672,-0.0314478,-0.023213,-0.0169107,-0.0120304,-0.0082493,-0.00535304,-0.0031926,-0.00165995,-0.000673656,-0.000170019,-9.74984e-05,-0.000413063,-0.00107974,-0.00206494,-0.00333923,-0.00487553,-0.00664838,-0.00863349,-0.0108073,-0.0131467,-0.0156288,-0.0182304,-0.0209282,-0.0236984,-0.0265166,-0.0293575,-0.032195,-0.0350019,-0.03775,-0.0404097,-0.0429501,-0.0453392,-0.0475431,-0.0495267,-0.0512532,-0.0526841,-0.0537788,-0.0544938,-0.0547913,-0.0546339,-0.0539761,-0.0527538,-0.0509076,-0.0483931,-0.0451574,-0.0411442,-0.0362936,-0.0305418,-0.0238205,-0.0160567,-0.00717084,0.00292453,0.0143269,0.027147,0.0415131,0.0575765,0.0755201,0.0955701,0.118013,0.143221,0.171693,0.20412,0.241492,0.285303,0.337935,0.403488,0.489721,0.612971,0.810762,1.17115,1.89251,2.3776,
-1.21205,-0.939756,-0.529099,-0.31807,-0.204667,-0.139458,-0.0992932,-0.0729312,-0.0546601,-0.0414317,-0.0315369,-0.0239694,-0.0181087,-0.0135551,-0.0100402,-0.00737688,-0.00542969,-0.00409725,-0.00330108,-0.00297855,-0.0030782,-0.00355654,-0.00437589,-0.00550283,-0.00690704,-0.00856049,-0.0104368,-0.0125106,-0.0147573,-0.0171528,-0.019673,-0.0222935,-0.0249898,-0.0277368,-0.0305086,-0.0332785,-0.0360189,-0.038701,-0.0412949,-0.0437693,-0.0460918,-0.0482283,-0.0501432,-0.0517995,-0.0531583,-0.0541791,-0.0548186,-0.0550359,-0.0547882,-0.0540535,-0.052751,-0.0508046,-0.0481916,-0.0448541,-0.0407345,-0.0357717,-0.0299014,-0.0230543,-0.0151562,-0.0061261,0.00412518,0.0156977,0.0287054,0.0432809,0.0595818,0.0777993,0.0981711,0.121,0.146683,0.175753,0.208948,0.247332,0.292495,0.346938,0.414829,0.503604,0.627505,0.815298,1.12407,1.64973,1.98131,
-0.70714,-0.624848,-0.465104,-0.331433,-0.236966,-0.17275,-0.128774,-0.0979203,-0.0756515,-0.0591409,-0.0466194,-0.0369592,-0.0294234,-0.0235171,-0.0188986,-0.0153252,-0.0126192,-0.0106476,-0.00930756,-0.00851776,-0.00821225,-0.00833619,-0.00884289,-0.00969177,-0.0108467,-0.0122749,-0.0139462,-0.015832,-0.0179051,-0.0201389,-0.0225074,-0.0249848,-0.0275449,-0.0301613,-0.032807,-0.0354544,-0.0380748,-0.0406386,-0.0431153,-0.0454727,-0.0476778,-0.0496957,-0.0514906,-0.0530245,-0.0542584,-0.0551511,-0.0556597,-0.0557398,-0.0553428,-0.0544556,-0.0530193,-0.0509217,-0.0481299,-0.0446164,-0.0403142,-0.0351601,-0.029088,-0.0220276,-0.013903,-0.00463122,0.00587934,0.0177319,0.0310446,0.0459558,0.0626304,0.0812699,0.102126,0.12552,0.151873,0.181751,0.215932,0.255518,0.30211,0.358108,0.427193,0.515106,0.630691,0.78639,0.993257,1.23026,1.35005,
-0.445845,-0.426244,-0.369824,-0.297579,-0.233129,-0.181747,-0.14241,-0.112515,-0.08968,-0.0720569,-0.0583036,-0.0474672,-0.0388732,-0.03204,-0.0266189,-0.0223529,-0.0190494,-0.0165605,-0.0147709,-0.0135883,-0.0129378,-0.0127569,-0.0129927,-0.0135994,-0.0145366,-0.015768,-0.0172603,-0.0189823,-0.0209048,-0.0229993,-0.0252382,-0.0275943,-0.0300403,-0.0325486,-0.0350914,-0.0376401,-0.0401653,-0.0426368,-0.0450232,-0.047292,-0.0494094,-0.0513401,-0.0530477,-0.0544939,-0.055639,-0.0564417,-0.0568588,-0.0568452,-0.0563529,-0.0553417,-0.053808,-0.0516347,-0.0487236,-0.0450843,-0.0406596,-0.0353797,-0.0291769,-0.0219805,-0.0137144,-0.00429564,0.00636735,0.0183775,0.0318524,0.0469296,0.0637724,0.0825795,0.103598,0.127139,0.153607,0.183534,0.21763,0.256861,0.302546,0.356486,0.421088,0.499368,0.594448,0.70742,0.830817,0.933111,0.972871,
-0.306118,-0.305785,-0.28959,-0.253182,-0.212832,-0.175744,-0.144145,-0.118185,-0.09713,-0.080122,-0.0663772,-0.0552505,-0.0462339,-0.038934,-0.0330477,-0.0283402,-0.0246283,-0.0217671,-0.0196404,-0.0181537,-0.0172292,-0.0168013,-0.016814,-0.0172189,-0.0179729,-0.0190375,-0.0203775,-0.0219601,-0.0237544,-0.0257309,-0.0278606,-0.0301153,-0.0324669,-0.0348871,-0.0373472,-0.039818,-0.0422696,-0.0446711,-0.0469908,-0.0491956,-0.0512513,-0.0531222,-0.0547715,-0.0561605,-0.0572494,-0.0579963,-0.058358,-0.0582892,-0.0577426,-0.0566666,-0.0550505,-0.0528489,-0.0499014,-0.0461779,-0.0416906,-0.0363494,-0.0300863,-0.022831,-0.0145086,-0.00503808,0.00566952,0.0177136,0.0312068,0.0462796,0.0630855,0.0818088,0.102675,0.125963,0.152026,0.18131,0.214386,0.251976,0.294975,0.34443,0.401418,0.466673,0.539668,0.616633,0.687286,0.729539,0.739855,
-0.225883,-0.230678,-0.229534,-0.212244,-0.187988,-0.162576,-0.138724,-0.117562,-0.0994015,-0.084045,-0.071174,-0.0604453,-0.0515415,-0.0441882,-0.0381551,-0.0332522,-0.0293233,-0.0262395,-0.0238941,-0.0221978,-0.0210754,-0.0204623,-0.020303,-0.0205484,-0.021155,-0.0220836,-0.0232981,-0.024765,-0.0264526,-0.0283305,-0.0303695,-0.0325404,-0.0348147,-0.0371636,-0.039558,-0.0419682,-0.044364,-0.0467141,-0.0489864,-0.0511476,-0.0531631,-0.0549971,-0.0566124,-0.0579702,-0.0590304,-0.0597511,-0.0600887,-0.0599983,-0.0594324,-0.0583409,-0.0566779,-0.0544776,-0.0515504,-0.0477997,-0.0433048,-0.0379634,-0.0317067,-0.0244661,-0.0161693,-0.00673882,0.00390958,0.0158688,0.0292428,0.0441501,0.0607276,0.0791363,0.0995679,0.122253,0.147471,0.175556,0.206905,0.241965,0.281197,0.324971,0.373347,0.425648,0.479731,0.530979,0.570949,0.586905,0.587042,
-0.176117,-0.181686,-0.185788,-0.178363,-0.164171,-0.147136,-0.129727,-0.113164,-0.0981298,-0.0848598,-0.0733342,-0.063442,-0.0550313,-0.0479421,-0.0420228,-0.0371361,-0.0331613,-0.0299933,-0.0275413,-0.0257265,-0.0244805,-0.0237435,-0.0234627,-0.0235908,-0.0240856,-0.0249082,-0.0260231,-0.0273967,-0.0289974,-0.0307947,-0.0327591,-0.0348614,-0.0370729,-0.0393644,-0.0417068,-0.0440702,-0.0464242,-0.0487374,-0.0509775,-0.053111,-0.0551034,-0.0569186,-0.0585193,-0.0598668,-0.0609208,-0.0616393,-0.0619792,-0.0618951,-0.0613402,-0.060265,-0.0586125,-0.0564299,-0.0535479,-0.0498417,-0.045387,-0.0401,-0.0339106,-0.0267523,-0.0185564,-0.00925024,0.00124387,0.0130102,0.0261411,0.0407396,0.0569215,0.0748189,0.0945831,0.116388,0.14043,0.166925,0.196096,0.228136,0.263143,0.300992,0.341117,0.382196,0.421733,0.455855,0.478514,0.482899,0.479762,
-0.143152,-0.148255,-0.153833,-0.151343,-0.143303,-0.132049,-0.11949,-0.106842,-0.0947244,-0.0835755,-0.073564,-0.0647276,-0.0570359,-0.0504225,-0.0448051,-0.040097,-0.0362143,-0.0330782,-0.0306166,-0.0287643,-0.0274624,-0.0266579,-0.0263027,-0.0263532,-0.0267694,-0.0275145,-0.0285539,-0.029855,-0.0313868,-0.0331193,-0.0350233,-0.0370698,-0.0392302,-0.0414756,-0.0437767,-0.0461039,-0.0484267,-0.0507138,-0.052933,-0.0550507,-0.0570325,-0.0588425,-0.0604433,-0.0617962,-0.0628613,-0.0635966,-0.0639591,-0.063904,-0.0633846,-0.062352,-0.0607515,-0.0586109,-0.0557977,-0.0521849,-0.0478155,-0.0426313,-0.0365625,-0.0295457,-0.0215165,-0.0124082,-0.0021509,0.00932955,0.0221124,0.0362829,0.0519338,0.0691657,0.0880876,0.108815,0.131464,0.156141,0.182916,0.211779,0.242566,0.274843,0.307747,0.3398,0.368771,0.391651,0.404577,0.403888,0.399767,
-0.120142,-0.124507,-0.130128,-0.13008,-0.125674,-0.118348,-0.109376,-0.0997888,-0.0902053,-0.081008,-0.0724872,-0.0647687,-0.0578997,-0.0518809,-0.0466847,-0.0422675,-0.0385784,-0.0355639,-0.0331708,-0.0313482,-0.0300479,-0.0292248,-0.0288369,-0.0288452,-0.029213,-0.0299061,-0.0308918,-0.0321391,-0.0336181,-0.0352997,-0.0371553,-0.0391567,-0.0412756,-0.0434835,-0.0457515,-0.0480502,-0.0503495,-0.0526181,-0.0548241,-0.0569343,-0.0589142,-0.0607282,-0.0623393,-0.063709,-0.0647974,-0.0655633,-0.0659638,-0.0659545,-0.0654895,-0.0645205,-0.062995,-0.0609293,-0.0582096,-0.0547145,-0.0504706,-0.0454302,-0.0395265,-0.0327003,-0.0248924,-0.0160427,-0.00608956,0.00503023,0.017382,0.031033,0.0460524,0.0625099,0.0804738,0.100006,0.121151,0.143921,0.168267,0.194034,0.22089,0.248248,0.275157,0.300228,0.321713,0.337248,0.344508,0.341593,0.337338,
-0.103396,-0.107043,-0.112194,-0.113306,-0.111059,-0.106337,-0.0999792,-0.0927358,-0.0852123,-0.0777445,-0.0705879,-0.0639529,-0.057926,-0.0525511,-0.04784,-0.0437826,-0.0403552,-0.0375264,-0.0352605,-0.03352,-0.0322676,-0.0314665,-0.0310812,-0.0310777,-0.0314233,-0.0320867,-0.0330378,-0.0342477,-0.0356878,-0.0373304,-0.0391479,-0.041113,-0.0431979,-0.045375,-0.0476159,-0.0498916,-0.0521722,-0.0544273,-0.056625,-0.0587325,-0.0607159,-0.0625397,-0.0641674,-0.065561,-0.0666809,-0.0674864,-0.0679351,-0.0679834,-0.067586,-0.0666956,-0.0652604,-0.0632973,-0.0606905,-0.0573287,-0.0532417,-0.0483767,-0.0426729,-0.0360756,-0.0285312,-0.0199866,-0.0103887,0.000315011,0.012176,0.0252442,0.0395664,0.055184,0.0721288,0.0904157,0.110031,0.130914,0.152929,0.175825,0.199184,0.222362,0.244446,0.264228,0.280353,0.291089,0.294975,0.291007,0.286908,
-0.0907819,-0.0938061,-0.0983414,-0.0999543,-0.0989897,-0.0959799,-0.0915031,-0.0860702,-0.0801615,-0.074144,-0.0682168,-0.0625739,-0.0573572,-0.0526287,-0.048426,-0.0447635,-0.0416386,-0.0390378,-0.0369403,-0.0353209,-0.0341521,-0.0334052,-0.033051,-0.0330608,-0.0334061,-0.0340589,-0.034992,-0.0361784,-0.0375916,-0.0392052,-0.0409932,-0.042929,-0.0449861,-0.0471373,-0.0493552,-0.0516113,-0.0538765,-0.0561206,-0.0583125,-0.0604199,-0.0624092,-0.0642456,-0.065893,-0.0673139,-0.0684695,-0.0693195,-0.0698224,-0.0699353,-0.0696137,-0.0688115,-0.0674773,-0.065634,-0.0631535,-0.0599372,-0.0560285,-0.0513614,-0.045882,-0.0395407,-0.0322897,-0.0240825,-0.0148743,-0.00462316,0.00670983,0.0191586,0.0327499,0.0475004,0.0634109,0.0804584,0.0985834,0.117672,0.137531,0.157854,0.178187,0.197896,0.216146,0.231967,0.244195,0.251681,0.253525,0.249057,0.245181,
-0.0809938,-0.0834985,-0.0874178,-0.08919,-0.0889814,-0.08711,-0.0839588,-0.0799135,-0.0753046,-0.0704538,-0.065586,-0.0608433,-0.0563749,-0.0522659,-0.048568,-0.0453114,-0.042509,-0.0401609,-0.0382587,-0.0367875,-0.0357284,-0.0350602,-0.0347597,-0.0348032,-0.0351662,-0.0358243,-0.036753,-0.0379278,-0.0393241,-0.0409173,-0.0426827,-0.044595,-0.0466287,-0.0487578,-0.0509554,-0.053194,-0.0554452,-0.0576794,-0.0598662,-0.0619738,-0.0639693,-0.0658186,-0.0674861,-0.068935,-0.0701273,-0.0710233,-0.0715825,-0.0717627,-0.0715205,-0.0708108,-0.0695891,-0.0678675,-0.0655175,-0.0624627,-0.058743,-0.0542869,-0.0490467,-0.042978,-0.0360381,-0.0281871,-0.0193879,-0.0096079,0.00118022,0.0129964,0.0258503,0.0397378,0.0546346,0.0704881,0.0872048,0.104634,0.122548,0.140615,0.158377,0.175235,0.190451,0.203253,0.212662,0.217882,0.218383,0.213712,0.210057,
-0.0731906,-0.0752682,-0.0786249,-0.080383,-0.0806125,-0.0795002,-0.077299,-0.0742838,-0.0707187,-0.0668339,-0.0628433,-0.0588979,-0.0551075,-0.0515756,-0.048362,-0.045506,-0.043031,-0.0409474,-0.0392561,-0.0379506,-0.0370197,-0.0364481,-0.0362184,-0.0363113,-0.0367064,-0.0373827,-0.0383184,-0.0394914,-0.0408792,-0.042459,-0.0442075,-0.0461008,-0.0481147,-0.0502241,-0.0524032,-0.0546252,-0.0568626,-0.0590866,-0.0612674,-0.0633741,-0.0653744,-0.0672349,-0.0689209,-0.0703961,-0.0716235,-0.0725642,-0.0731785,-0.0734253,-0.0732623,-0.0726446,-0.0715461,-0.0699376,-0.0677146,-0.0648377,-0.0613087,-0.0570684,-0.0520736,-0.046284,-0.0396622,-0.0321739,-0.0237892,-0.0144836,-0.00423986,0.00695003,0.0190816,0.0321339,0.0460628,0.0607936,0.0762087,0.0921343,0.108322,0.124435,0.140028,0.154554,0.167354,0.177796,0.185136,0.188759,0.188323,0.183587,0.180132,
-0.0668099,-0.0685381,-0.0714017,-0.0730619,-0.0735363,-0.0729317,-0.0714138,-0.0691777,-0.066424,-0.0633379,-0.0600911,-0.0568257,-0.0536444,-0.050639,-0.0478797,-0.0454086,-0.0432558,-0.0414387,-0.0399653,-0.0388356,-0.0380443,-0.0375818,-0.0374353,-0.0375897,-0.0380282,-0.0387329,-0.0396847,-0.0408639,-0.04225,-0.0438221,-0.0455583,-0.0474363,-0.049433,-0.0515244,-0.0536857,-0.0558912,-0.0581141,-0.0603266,-0.0624997,-0.0646031,-0.0666055,-0.0684742,-0.0701752,-0.0716733,-0.072932,-0.0739137,-0.0745796,-0.0748896,-0.0748025,-0.0742739,-0.0732961,-0.0717964,-0.0696988,-0.0669998,-0.0636593,-0.0596332,-0.0548823,-0.0493702,-0.043064,-0.0359346,-0.0279582,-0.0191176,-0.00940382,0.00118114,0.0126213,0.0248823,0.0379052,0.0515986,0.0658287,0.0804072,0.0950779,0.109505,0.123269,0.135867,0.146746,0.155334,0.161071,0.163524,0.162433,0.1577,0.154421,
-0.0614644,-0.0629074,-0.0653481,-0.0668746,-0.0674767,-0.067212,-0.0661882,-0.0645433,-0.062428,-0.059991,-0.057369,-0.0546881,-0.0520435,-0.049515,-0.0471741,-0.0450657,-0.0432228,-0.0416675,-0.0404123,-0.0394626,-0.0388175,-0.038472,-0.0384172,-0.0386417,-0.0391319,-0.0398728,-0.0408479,-0.0420397,-0.0434296,-0.0449985,-0.0467261,-0.0485915,-0.0505727,-0.0526471,-0.0547908,-0.0569792,-0.0591864,-0.0613853,-0.063548,-0.065645,-0.0676458,-0.0695185,-0.0712299,-0.0727459,-0.0740308,-0.075048,-0.0757596,-0.0761268,-0.0761092,-0.0756726,-0.0747938,-0.0733968,-0.0714346,-0.0688982,-0.0657396,-0.0619206,-0.0574058,-0.0521625,-0.0461616,-0.0393788,-0.0317955,-0.0234005,-0.014192,-0.00418006,0.00661007,0.0181335,0.0303198,0.043066,0.0562271,0.0696067,0.082947,0.0959217,0.108136,0.119108,0.128437,0.135569,0.140025,0.141579,0.140021,0.135328,0.132203,
-0.0568816,-0.0580917,-0.0601747,-0.0615575,-0.0622164,-0.0621793,-0.0615149,-0.0603209,-0.0587101,-0.0567994,-0.0547014,-0.0525198,-0.050344,-0.0482443,-0.0462837,-0.0445126,-0.042963,-0.0416597,-0.0406186,-0.0398483,-0.0393517,-0.0391272,-0.0391693,-0.0394697,-0.0400176,-0.0408004,-0.0418041,-0.0430133,-0.0444112,-0.0459803,-0.047702,-0.0495567,-0.0515237,-0.0535814,-0.0557072,-0.0578773,-0.0600668,-0.0622498,-0.0643988,-0.0664856,-0.0684803,-0.070352,-0.0720684,-0.0735963,-0.0749009,-0.0759466,-0.0766967,-0.0771131,-0.0771588,-0.0768083,-0.0760094,-0.0747083,-0.0728813,-0.0704929,-0.0675046,-0.063881,-0.0595895,-0.0546006,-0.0488888,-0.0424337,-0.0352214,-0.0272458,-0.0185109,-0.00903355,0.00115358,0.0119973,0.0234185,0.0353053,0.0475058,0.0598193,0.0719902,0.0837048,0.0945915,0.104199,0.112219,0.118169,0.121623,0.122464,0.120556,0.115922,0.112934,
-0.0528661,-0.0538863,-0.0556691,-0.0569122,-0.0575861,-0.0577008,-0.0572996,-0.0564512,-0.0552402,-0.0537583,-0.0520968,-0.0503419,-0.0485747,-0.0468541,-0.0452375,-0.0437768,-0.0425011,-0.0414369,-0.0406019,-0.040007,-0.0396578,-0.0395553,-0.0396966,-0.040076,-0.0406852,-0.0415138,-0.0425498,-0.0437797,-0.0451886,-0.0467605,-0.0484781,-0.0503232,-0.0522764,-0.0543173,-0.0564243,-0.0585745,-0.0607442,-0.0629081,-0.06504,-0.0671122,-0.0690959,-0.070961,-0.0726762,-0.0742092,-0.0755261,-0.0765925,-0.0773725,-0.0778289,-0.0779336,-0.0776481,-0.0769188,-0.0757139,-0.0740041,-0.0717504,-0.0689181,-0.0654746,-0.0613897,-0.0566368,-0.0511935,-0.045043,-0.0381751,-0.0305883,-0.0222916,-0.0133073,-0.00367441,0.00654725,0.0172717,0.0283806,0.0397171,0.0510793,0.0622158,0.072827,0.0825326,0.0910279,0.0979468,0.102854,0.105514,0.105788,0.103615,0.099053,0.096187,
-0.0492762,-0.0501416,-0.0516745,-0.0527887,-0.0534538,-0.0536693,-0.0534619,-0.0528801,-0.0519872,-0.050855,-0.0495576,-0.0481668,-0.0467511,-0.0453667,-0.0440602,-0.0428791,-0.0418573,-0.0410171,-0.0403777,-0.0399515,-0.0397458,-0.0397635,-0.040004,-0.0404634,-0.0411355,-0.042012,-0.0430825,-0.0443352,-0.0457568,-0.0473328,-0.0490474,-0.0508835,-0.0528229,-0.0548462,-0.056933,-0.0590614,-0.0612085,-0.0633501,-0.0654607,-0.0675137,-0.069481,-0.0713336,-0.0730409,-0.0745716,-0.0758929,-0.0769712,-0.0777716,-0.0782619,-0.0784109,-0.0781721,-0.0775073,-0.0763888,-0.0747795,-0.0726449,-0.0699522,-0.0666709,-0.0627733,-0.0582353,-0.0530372,-0.0471654,-0.0406131,-0.0333827,-0.0254875,-0.0169547,-0.00782852,0.00182541,0.0119155,0.0223185,0.0328745,0.0433819,0.0535961,0.0632144,0.0718874,0.0794331,0.0854051,0.0894209,0.0914156,0.0912316,0.0888592,0.0843771,0.0816229,
-0.0460081,-0.0467477,-0.0480737,-0.049073,-0.0497167,-0.0499988,-0.0499352,-0.0495601,-0.0489212,-0.048075,-0.0470812,-0.0459998,-0.0448872,-0.0437966,-0.042768,-0.04184,-0.0410489,-0.0404164,-0.0399603,-0.0396939,-0.0396256,-0.0397597,-0.0400971,-0.0406355,-0.0413705,-0.0422951,-0.0434008,-0.0446771,-0.0461122,-0.0476929,-0.0494045,-0.0512313,-0.0531561,-0.0551607,-0.0572255,-0.0593297,-0.0614512,-0.0635668,-0.0656519,-0.0676807,-0.069626,-0.0714596,-0.0731521,-0.0746727,-0.0759899,-0.0770708,-0.0778838,-0.0783969,-0.0785714,-0.0783705,-0.0777626,-0.0767134,-0.075189,-0.0731568,-0.070586,-0.0674478,-0.0637168,-0.0593711,-0.0543938,-0.0487738,-0.0425077,-0.0356013,-0.0280719,-0.0199511,-0.0112879,-0.00215293,0.00735741,0.0171161,0.0269612,0.0366935,0.0460693,0.0547789,0.0625895,0.0692642,0.0743727,0.077674,0.0790934,0.0785315,0.0760071,0.0716121,0.068962,
-0.0429853,-0.0436229,-0.0447786,-0.045678,-0.0462948,-0.0466206,-0.0466644,-0.0464506,-0.0460155,-0.0454034,-0.044663,-0.0438437,-0.0429936,-0.0421569,-0.0413733,-0.0406749,-0.0400922,-0.0396498,-0.0393631,-0.039246,-0.0393073,-0.0395521,-0.0399824,-0.0405972,-0.0413932,-0.042365,-0.0435052,-0.0448046,-0.0462528,-0.0478377,-0.0495457,-0.0513623,-0.0532712,-0.0552552,-0.0572957,-0.0593729,-0.0614655,-0.0635511,-0.0656061,-0.0676054,-0.0695228,-0.071331,-0.0730012,-0.0745039,-0.075808,-0.0768834,-0.0776987,-0.0782183,-0.0784085,-0.0782371,-0.0776704,-0.0766753,-0.0752199,-0.073273,-0.0708056,-0.0677909,-0.0642053,-0.0600293,-0.0552481,-0.0498536,-0.0438453,-0.0372323,-0.0300357,-0.0222913,-0.0140525,-0.00539455,0.00358203,0.0127471,0.0219381,0.0309605,0.039546,0.0474483,0.0545225,0.0603853,0.0647095,0.0674034,0.0683356,0.0674619,0.064824,0.0605225,0.0579711,
-0.0401509,-0.0407061,-0.0417228,-0.042537,-0.0431258,-0.0434801,-0.0436049,-0.0435178,-0.0432466,-0.0428267,-0.0422974,-0.0417,-0.0410749,-0.0404602,-0.0398905,-0.0393953,-0.0390013,-0.0387304,-0.0385989,-0.0386196,-0.0388013,-0.0391497,-0.0396673,-0.0403543,-0.0412082,-0.0422247,-0.0433975,-0.0447187,-0.0461785,-0.0477662,-0.0494691,-0.0512737,-0.0531648,-0.0551259,-0.0571394,-0.0591863,-0.0612463,-0.0632977,-0.0653177,-0.0672821,-0.0691655,-0.0709414,-0.072582,-0.0740585,-0.0753416,-0.0764017,-0.0772059,-0.0777217,-0.0779182,-0.0777627,-0.0772228,-0.0762669,-0.0748644,-0.0729858,-0.0706037,-0.0676931,-0.0642323,-0.0602039,-0.0555956,-0.0504019,-0.0446252,-0.0382781,-0.0313852,-0.0239865,-0.0161396,-0.00792396,0.000556208,0.00916867,0.0177523,0.0260951,0.0339617,0.0411596,0.0475205,0.0526461,0.0562985,0.0584471,0.0589615,0.0578295,0.0551101,0.0509082,0.0484516,
-0.0374629,-0.037952,-0.0388559,-0.0395988,-0.040161,-0.040534,-0.0407204,-0.0407334,-0.0405947,-0.0403326,-0.0399794,-0.0395694,-0.0391366,-0.0387138,-0.0383312,-0.0380155,-0.0377877,-0.0376708,-0.037681,-0.0378268,-0.0381186,-0.0385621,-0.0391605,-0.0399142,-0.0408217,-0.0418793,-0.0430817,-0.0444219,-0.045891,-0.0474792,-0.0491749,-0.0509651,-0.0528357,-0.0547711,-0.0567544,-0.0587674,-0.0607906,-0.0628033,-0.0647832,-0.0667071,-0.0685503,-0.0702871,-0.0718907,-0.073333,-0.0745861,-0.0756198,-0.0764029,-0.0769054,-0.0770959,-0.0769432,-0.0764165,-0.0754852,-0.0741202,-0.0722934,-0.0699792,-0.0671542,-0.0637988,-0.0598977,-0.0554411,-0.050426,-0.0448581,-0.0387531,-0.0321396,-0.0250613,-0.0175803,-0.0097796,-0.00176648,0.00632622,0.014324,0.0220261,0.0292555,0.0358133,0.0414639,0.0459163,0.0490015,0.0506606,0.0508133,0.0494675,0.0466933,0.0425968,0.0402326,
-0.03489,-0.0353265,-0.0361398,-0.0368239,-0.0373624,-0.0377478,-0.0379817,-0.0380744,-0.038043,-0.0379108,-0.0377042,-0.0374519,-0.0371829,-0.0369252,-0.0367048,-0.0365455,-0.0364658,-0.0364852,-0.0366198,-0.0368793,-0.0372708,-0.0378,-0.0384714,-0.0392854,-0.040241,-0.0413352,-0.0425632,-0.0439188,-0.0453941,-0.0469798,-0.0486651,-0.050438,-0.0522849,-0.0541912,-0.0561406,-0.0581157,-0.0600979,-0.062067,-0.0640015,-0.0658791,-0.0676758,-0.0693665,-0.0709255,-0.0723259,-0.0735394,-0.0745374,-0.0752902,-0.0757681,-0.0759411,-0.0757791,-0.0752523,-0.0743318,-0.0729896,-0.0711994,-0.0689368,-0.0661807,-0.0629133,-0.0591215,-0.0547981,-0.0499429,-0.0445646,-0.0386825,-0.032329,-0.0255518,-0.0184168,-0.0110103,-0.00344153,0.00414702,0.0115796,0.0187044,0.0253275,0.0312792,0.0362791,0.0400983,0.0426788,0.0439092,0.0437507,0.0422296,0.0394239,0.0354385,0.0331648,
-0.032409,-0.032804,-0.0335456,-0.0341821,-0.0347004,-0.0350944,-0.0353655,-0.0355219,-0.0355778,-0.0355523,-0.0354677,-0.0353479,-0.0352177,-0.0351009,-0.0350202,-0.0349962,-0.035047,-0.0351856,-0.0354288,-0.0357892,-0.0362688,-0.0368745,-0.0376108,-0.0384777,-0.039475,-0.0406003,-0.0418492,-0.0432159,-0.0446933,-0.0462726,-0.047944,-0.0496959,-0.0515155,-0.0533888,-0.0553003,-0.0572332,-0.0591695,-0.0610902,-0.0629738,-0.064799,-0.066543,-0.0681809,-0.069688,-0.0710381,-0.0722037,-0.073157,-0.0738696,-0.0743127,-0.0744573,-0.0742744,-0.0737356,-0.072813,-0.0714803,-0.0697127,-0.0674876,-0.0647856,-0.0615911,-0.0578935,-0.053688,-0.0489776,-0.0437741,-0.0381004,-0.0319928,-0.0255026,-0.0186994,-0.0116721,-0.00453652,0.00255447,0.00946802,0.0160514,0.0220836,0.0274429,0.0318509,0.0351147,0.0372261,0.0380764,0.0376501,0.0359873,0.0331702,0.0293012,0.027117,
-0.0300032,-0.0303659,-0.0310514,-0.0316502,-0.0321521,-0.0325526,-0.0328531,-0.0330608,-0.0331878,-0.0332501,-0.0332666,-0.0332577,-0.0332444,-0.0332472,-0.0332858,-0.0333781,-0.0335402,-0.0337835,-0.0341225,-0.0345687,-0.0351249,-0.0357974,-0.0365895,-0.0375016,-0.0385337,-0.0396842,-0.0409485,-0.0423211,-0.0437959,-0.0453647,-0.0470178,-0.0487446,-0.0505327,-0.0523688,-0.054238,-0.0561239,-0.0580095,-0.0598766,-0.0617039,-0.0634709,-0.0651557,-0.0667342,-0.0681821,-0.0694741,-0.0705836,-0.0714839,-0.0721472,-0.0725459,-0.0726519,-0.0724376,-0.0718757,-0.0709397,-0.0696048,-0.0678478,-0.0656479,-0.0629878,-0.0598541,-0.0562386,-0.0521394,-0.0475626,-0.0425233,-0.0370482,-0.031177,-0.024965,-0.0184843,-0.0118286,-0.00513025,0.00149475,0.0079247,0.0139664,0.0194541,0.0242336,0.0280773,0.0308624,0.0325443,0.0330575,0.032402,0.0306267,0.0278159,0.0240684,0.0219728,
-0.0276602,-0.0279984,-0.0286409,-0.0292106,-0.0296998,-0.0301055,-0.0304298,-0.0306791,-0.030864,-0.0309985,-0.0310986,-0.0311819,-0.0312664,-0.0313699,-0.0315094,-0.0317004,-0.0319571,-0.0322908,-0.0327114,-0.0332299,-0.0338522,-0.0345809,-0.0354194,-0.0363688,-0.0374286,-0.0385974,-0.039871,-0.0412442,-0.0427113,-0.0442645,-0.0458948,-0.0475918,-0.0493439,-0.0511382,-0.0529604,-0.0547946,-0.0566246,-0.0584325,-0.0601981,-0.0619014,-0.0635206,-0.0650331,-0.0664149,-0.0676416,-0.0686875,-0.0695266,-0.0701323,-0.0704778,-0.0705363,-0.0702812,-0.0696866,-0.0687275,-0.0673805,-0.0656242,-0.0634398,-0.060812,-0.0577298,-0.0541878,-0.050187,-0.0457365,-0.0408552,-0.035573,-0.0299334,-0.0239945,-0.0178318,-0.0115593,-0.00527725,0.000918651,0.00685914,0.0123667,0.0173527,0.0215869,0.0248916,0.0272408,0.0285408,0.0287582,0.0279081,0.0260464,0.0232578,0.019636,0.0176285,
-0.0253715,-0.0256915,-0.026302,-0.0268499,-0.0273299,-0.0277405,-0.0280842,-0.0283673,-0.0285995,-0.028793,-0.0289619,-0.0291214,-0.0292872,-0.0294746,-0.0296985,-0.0299723,-0.0303084,-0.0307176,-0.0312064,-0.0317861,-0.0324632,-0.0332377,-0.0341135,-0.0350917,-0.0361716,-0.0373515,-0.0386279,-0.0399961,-0.04145,-0.0429825,-0.0445849,-0.0462473,-0.0479586,-0.0497062,-0.0514765,-0.0532544,-0.0550237,-0.056767,-0.0584655,-0.0600991,-0.0616471,-0.0630872,-0.0643966,-0.0655512,-0.0665265,-0.0672972,-0.0678379,-0.0681226,-0.0681257,-0.0678219,-0.0671867,-0.0661965,-0.0648296,-0.0630665,-0.0608903,-0.0582881,-0.0552515,-0.0517777,-0.0478708,-0.0435433,-0.0388173,-0.0337263,-0.0283168,-0.022649,-0.0168211,-0.010919,-0.00501644,0.000739348,0.00619102,0.0111982,0.0156814,0.0194122,0.0222424,0.02418,0.0251359,0.0250943,0.024081,0.0221564,0.0194036,0.0159113,0.0139911,
-0.0231312,-0.0234382,-0.0240259,-0.0245584,-0.0250323,-0.0254476,-0.0258075,-0.0261182,-0.0263889,-0.0266305,-0.0268556,-0.0270776,-0.0273102,-0.0275667,-0.0278602,-0.0282024,-0.0286041,-0.0290749,-0.0296199,-0.0302498,-0.0309704,-0.0317806,-0.0326847,-0.0336832,-0.0347754,-0.0359596,-0.0372323,-0.0385891,-0.0400241,-0.0415304,-0.0430997,-0.0447225,-0.046388,-0.0480841,-0.0497977,-0.0515141,-0.0532178,-0.0548916,-0.0565175,-0.0580762,-0.0595472,-0.0609094,-0.0621403,-0.0632168,-0.0641153,-0.0648114,-0.0652805,-0.065498,-0.0654393,-0.0650805,-0.0643984,-0.0633711,-0.0619787,-0.0602036,-0.0580311,-0.0554507,-0.0524567,-0.049049,-0.0452351,-0.0410304,-0.0364606,-0.0315622,-0.0263827,-0.0210063,-0.0155065,-0.00993921,-0.00443155,0.000875043,0.0058585,0.0104059,0.0143903,0.0176345,0.0200515,0.0216099,0.0222577,0.0219907,0.0208425,0.0188756,0.0161708,0.0128111,0.0109776,
-0.0209359,-0.0212342,-0.0218066,-0.0223289,-0.0227995,-0.0232195,-0.0235931,-0.0239265,-0.0242284,-0.024509,-0.0247796,-0.0250522,-0.0253389,-0.0256516,-0.0260015,-0.026399,-0.0268536,-0.0273734,-0.0279642,-0.0286331,-0.0293854,-0.0302225,-0.0311461,-0.0321567,-0.0332537,-0.034435,-0.0356974,-0.0370366,-0.0384469,-0.0399215,-0.0414525,-0.0430305,-0.0446453,-0.0462851,-0.0479371,-0.0495872,-0.0512203,-0.0528198,-0.0543683,-0.0558469,-0.057236,-0.0585149,-0.0596621,-0.0606554,-0.0614717,-0.0620878,-0.0624802,-0.0626253,-0.0624999,-0.0620813,-0.061348,-0.0602798,-0.0588585,-0.0570687,-0.054898,-0.0523384,-0.0493868,-0.0460463,-0.0423272,-0.0382483,-0.033838,-0.0291343,-0.0242068,-0.0191193,-0.0139147,-0.00869984,-0.00360119,0.00127473,0.00580308,0.00991753,0.0134316,0.0162094,0.0182462,0.0194655,0.0198407,0.01938,0.0181225,0.0161319,0.0134855,0.0102607,0.00851295,
-0.0187836,-0.0190767,-0.01964,-0.0201565,-0.020626,-0.0210511,-0.0214362,-0.0217882,-0.0221153,-0.0224271,-0.0227342,-0.0230472,-0.0233771,-0.0237344,-0.0241291,-0.0245703,-0.0250662,-0.025624,-0.0262499,-0.0269473,-0.0277218,-0.0285767,-0.0295112,-0.030526,-0.0316202,-0.0327918,-0.0340375,-0.035353,-0.0367328,-0.0381703,-0.0396576,-0.041186,-0.0427451,-0.0443238,-0.0459097,-0.0474889,-0.0490469,-0.0505676,-0.052034,-0.053428,-0.0547307,-0.0559219,-0.056981,-0.0578865,-0.0586165,-0.0591485,-0.0594602,-0.0595293,-0.0593337,-0.0588525,-0.0580655,-0.0569545,-0.0555032,-0.0536983,-0.05153,-0.0489926,-0.0460861,-0.0428162,-0.0391964,-0.0352483,-0.0310017,-0.026515,-0.0218405,-0.0170123,-0.0121213,-0.00727687,-0.00257213,0.00188494,0.00597921,0.00965635,0.0127353,0.0151039,0.01678,0.0176925,0.0178275,0.0172018,0.0158584,0.0138605,0.0112815,0.00819313,0.00653008,
-0.0166736,-0.0169644,-0.0175235,-0.0180378,-0.0185083,-0.0189385,-0.0193337,-0.0197007,-0.020048,-0.0203846,-0.0207203,-0.021065,-0.0214286,-0.0218205,-0.0222496,-0.0227241,-0.0232511,-0.0238369,-0.024487,-0.0252039,-0.0259926,-0.0268564,-0.0277938,-0.0288051,-0.0298895,-0.0310446,-0.0322673,-0.0335533,-0.034897,-0.036292,-0.0377308,-0.0392046,-0.0407036,-0.0422167,-0.043732,-0.0452361,-0.0467148,-0.0481526,-0.0495331,-0.0508387,-0.052051,-0.0531509,-0.0541183,-0.0549327,-0.0555731,-0.0560181,-0.0562465,-0.0562373,-0.0559699,-0.0554248,-0.0545836,-0.05343,-0.0519497,-0.0501317,-0.0479685,-0.0454573,-0.0426006,-0.0394071,-0.0358928,-0.032081,-0.0280203,-0.0237537,-0.0193066,-0.0147568,-0.010199,-0.00571372,-0.00139632,0.0026514,0.00634615,0.00959074,0.0122486,0.0142599,0.0156043,0.0162415,0.0161667,0.0154024,0.0139941,0.0120033,0.00949928,0.00654816,0.00496854,
-0.0146064,-0.0148971,-0.0154562,-0.0159711,-0.0164441,-0.0168796,-0.0172834,-0.0176627,-0.0180259,-0.0183817,-0.0187394,-0.0191083,-0.0194973,-0.0199151,-0.0203696,-0.0208681,-0.0214169,-0.0220216,-0.0226869,-0.0234146,-0.0242098,-0.0250747,-0.0260072,-0.0270081,-0.0280759,-0.0292083,-0.0304021,-0.0316529,-0.0329553,-0.034303,-0.0356885,-0.0371032,-0.0385377,-0.0399812,-0.041422,-0.0428473,-0.0442431,-0.0455945,-0.0468856,-0.0480996,-0.0492187,-0.0502244,-0.0510975,-0.0518185,-0.0523673,-0.0527237,-0.0528676,-0.0527795,-0.0524401,-0.0518316,-0.0509376,-0.0497434,-0.048237,-0.0464098,-0.0442567,-0.0417775,-0.0389772,-0.0358672,-0.0324651,-0.0288112,-0.0249411,-0.0208729,-0.016672,-0.0124207,-0.00818817,-0.00405761,-0.000119144,0.00353123,0.00684943,0.00968784,0.0119443,0.0136264,0.0146746,0.0150683,0.0148123,0.0139339,0.0124794,0.0105085,0.00808567,0.00527178,0.0037741,
-0.0125833,-0.0128757,-0.0134378,-0.0139556,-0.0144323,-0.0148731,-0.0152843,-0.0156735,-0.016049,-0.0164193,-0.0167935,-0.01718,-0.0175874,-0.0180234,-0.0184954,-0.0190098,-0.0195723,-0.0201878,-0.0208601,-0.021591,-0.0223852,-0.023244,-0.0241649,-0.0251487,-0.0261939,-0.0272978,-0.0284573,-0.0296678,-0.030924,-0.0322198,-0.0335477,-0.0348994,-0.0362656,-0.0376358,-0.0389987,-0.0403419,-0.0416518,-0.042914,-0.0441132,-0.0452332,-0.0462568,-0.0471665,-0.0479439,-0.0485702,-0.0490267,-0.0492941,-0.0493538,-0.0491875,-0.0487777,-0.0481081,-0.0471641,-0.0459332,-0.0444056,-0.0425748,-0.0404383,-0.0379982,-0.0352622,-0.0322431,-0.0289739,-0.0254843,-0.0217866,-0.0179347,-0.014,-0.010042,-0.00613254,-0.0023506,0.00122044,0.00449344,0.00743277,0.00989718,0.0118035,0.0131746,0.0139552,0.0141346,0.0137238,0.0127534,0.0112697,0.00932951,0.00699295,0.00431559,0.00289812,
-0.010606,-0.0109014,-0.011469,-0.0119914,-0.0124727,-0.0129187,-0.0133363,-0.0137333,-0.014118,-0.0144989,-0.0148846,-0.0152833,-0.0157029,-0.0161506,-0.0166332,-0.0171564,-0.0177254,-0.0183445,-0.019017,-0.0197443,-0.0205306,-0.0213766,-0.02228,-0.0232409,-0.0242579,-0.0253281,-0.0264483,-0.0276139,-0.0288197,-0.0300595,-0.031326,-0.0326111,-0.0339057,-0.0351997,-0.0364819,-0.0377404,-0.0389621,-0.0401331,-0.0412386,-0.042263,-0.04319,-0.0440028,-0.0446839,-0.0452157,-0.0455802,-0.0457597,-0.0457368,-0.0454945,-0.0450172,-0.0442902,-0.0433008,-0.0420385,-0.0404959,-0.0386685,-0.0365564,-0.0341638,-0.0315,-0.0285913,-0.0254626,-0.0221223,-0.0186134,-0.0149977,-0.0113263,-0.00766103,-0.00407096,-0.000630103,0.00258425,0.00551118,0.00807914,0.0101844,0.0117857,0.0128724,0.0134141,0.0134065,0.0128654,0.011823,0.010325,0.00842495,0.00617849,0.0036363,0.00229708,
-0.00867681,-0.00897625,-0.00955095,-0.0100792,-0.0105657,-0.0110167,-0.0114397,-0.0118427,-0.012234,-0.0126221,-0.0130153,-0.0134214,-0.013848,-0.0143019,-0.0147891,-0.015315,-0.0158843,-0.0165007,-0.0171672,-0.017885,-0.0186574,-0.0194849,-0.0203652,-0.0212982,-0.022282,-0.023314,-0.0243905,-0.0255072,-0.0266588,-0.0278391,-0.0290411,-0.0302567,-0.0314771,-0.0326923,-0.0338918,-0.0350638,-0.0361957,-0.0372742,-0.038285,-0.0392133,-0.0400435,-0.0407596,-0.0413451,-0.0417833,-0.0420576,-0.0421514,-0.0420487,-0.0417342,-0.0411936,-0.0404142,-0.0393853,-0.0380984,-0.036548,-0.0347322,-0.032653,-0.0303164,-0.0277426,-0.0249531,-0.0219533,-0.0187764,-0.0154756,-0.0120951,-0.00868768,-0.00531309,-0.00203647,0.00107335,0.00394438,0.00654759,0.00876963,0.0105352,0.0118574,0.0126916,0.0130229,0.0128543,0.0122053,0.0111091,0.0096098,0.0077578,0.00560423,0.00319521,0.00193211,
-0.00679829,-0.00710242,-0.00768545,-0.00822029,-0.00871225,-0.00916812,-0.00959562,-0.010003,-0.0103987,-0.010791,-0.0111882,-0.0115978,-0.012027,-0.0124821,-0.0129689,-0.0134923,-0.0140565,-0.0146649,-0.0153201,-0.0160231,-0.0167765,-0.0175805,-0.018433,-0.0193336,-0.0202801,-0.0212699,-0.0222991,-0.0233635,-0.0244578,-0.0255758,-0.0267106,-0.0278544,-0.0289986,-0.0301335,-0.0312488,-0.0323331,-0.0333745,-0.03436,-0.0352762,-0.0361087,-0.0368428,-0.0374634,-0.037955,-0.038302,-0.0384888,-0.0385004,-0.038322,-0.0379399,-0.0373415,-0.0365161,-0.0354545,-0.0341505,-0.0326007,-0.030805,-0.0287673,-0.0265024,-0.0240297,-0.021351,-0.0184907,-0.015496,-0.0124044,-0.00926066,-0.00611623,-0.00302795,-5.64552e-05,0.00273547,0.00528317,0.0075645,0.00947102,0.0109423,0.0120028,0.0126105,0.0127577,0.0124521,0.0117156,0.0105817,0.00909259,0.00729516,0.0052363,0.00295789,0.00176856,
-0.00497319,-0.00528239,-0.00587444,-0.0064163,-0.00691379,-0.0073741,-0.00780524,-0.00821562,-0.00861374,-0.00900793,-0.00940616,-0.00981586,-0.0102438,-0.0106962,-0.0111783,-0.0116948,-0.0122494,-0.0128452,-0.0134845,-0.0141683,-0.0148983,-0.0156747,-0.0164955,-0.0173599,-0.0182656,-0.0192098,-0.0201888,-0.0211981,-0.0222325,-0.0232861,-0.0243519,-0.0254223,-0.026489,-0.0275425,-0.028573,-0.0295694,-0.0305203,-0.0314134,-0.0322356,-0.0329736,-0.0336134,-0.0341407,-0.0345411,-0.0348001,-0.0349034,-0.0348372,-0.0345882,-0.0341443,-0.0334947,-0.0326303,-0.0315439,-0.0302311,-0.0286903,-0.0269232,-0.0249402,-0.0227615,-0.0203843,-0.017822,-0.0151198,-0.0123103,-0.00942995,-0.00652289,-0.00363848,-0.000830045,0.00184639,0.00433351,0.0065863,0.00855564,0.0101636,0.0113803,0.0122034,0.0126102,0.0125979,0.0121774,0.0113719,0.0102146,0.0087454,0.0070078,0.00504459,0.00289372,0.00177568,
-0.00320435,-0.00351877,-0.00412008,-0.00466907,-0.00517196,-0.00563625,-0.0060702,-0.00648236,-0.00688128,-0.00727523,-0.00767207,-0.00807903,-0.00850271,-0.00894894,-0.00942281,-0.00992862,-0.0104699,-0.0110493,-0.011669,-0.0123298,-0.0130329,-0.0137782,-0.014564,-0.0153891,-0.0162511,-0.0171472,-0.0180735,-0.0190257,-0.0199986,-0.0209861,-0.0219817,-0.0229779,-0.0239665,-0.0249385,-0.0258842,-0.0267933,-0.0276546,-0.0284564,-0.0291865,-0.0298321,-0.0303801,-0.0308173,-0.0311302,-0.0313054,-0.0313299,-0.0311913,-0.0308778,-0.0303788,-0.0296852,-0.0287894,-0.0276864,-0.0263734,-0.0248505,-0.0231215,-0.0212114,-0.0191165,-0.0168334,-0.0144068,-0.0118685,-0.00924618,-0.00657755,-0.00390516,-0.00127555,0.00126171,0.00365527,0.00585237,0.00783322,0.00951482,0.0108424,0.0118287,0.0124429,0.0126744,0.0125257,0.0120105,0.0111527,0.00998449,0.00854351,0.00686982,0.0050024,0.00297557,0.0019262,
-0.00149463,-0.00181422,-0.00242468,-0.00298061,-0.00348856,-0.00395631,-0.00439227,-0.00480511,-0.0052034,-0.00559538,-0.00598877,-0.00639067,-0.00680748,-0.00724481,-0.0077075,-0.00819961,-0.00872441,-0.00928439,-0.00988133,-0.0105162,-0.0111895,-0.0119009,-0.0126491,-0.0134326,-0.0142488,-0.0150948,-0.0159669,-0.0168605,-0.0177707,-0.0186914,-0.0196163,-0.020538,-0.0214487,-0.0223396,-0.0232015,-0.0240244,-0.0247977,-0.0255104,-0.0261508,-0.026707,-0.0271668,-0.0275178,-0.0277476,-0.0278441,-0.0277956,-0.0275907,-0.0272194,-0.0266725,-0.0259425,-0.0250237,-0.0239126,-0.022608,-0.021111,-0.0194395,-0.0176022,-0.0155844,-0.0134148,-0.0111332,-0.00875962,-0.00632554,-0.00386738,-0.00142551,0.000956601,0.00323348,0.00535882,0.00728552,0.00900096,0.0104231,0.0115087,0.0122817,0.0127104,0.01279,0.0125261,0.0119345,0.0110391,0.00987093,0.00846509,0.00685836,0.00508615,0.00317949,0.00219607,
0.00015318,-0.000171347,-0.000790528,-0.00135298,-0.00186552,-0.00233611,-0.0027733,-0.00318584,-0.00358228,-0.00397081,-0.00435908,-0.00475403,-0.00516188,-0.00558807,-0.00603724,-0.00651323,-0.0070191,-0.00755716,-0.00812898,-0.00873546,-0.00937672,-0.0100523,-0.010761,-0.011501,-0.01227,-0.0130647,-0.0138814,-0.0147157,-0.0155627,-0.0164165,-0.0172708,-0.0181186,-0.0189522,-0.0197632,-0.0205428,-0.0212815,-0.0219693,-0.0225956,-0.0231496,-0.0236202,-0.0239959,-0.0242654,-0.0244175,-0.024441,-0.0243255,-0.0240612,-0.0236393,-0.0230522,-0.0222939,-0.0213603,-0.0202493,-0.0189611,-0.0175065,-0.0158985,-0.0141242,-0.0121979,-0.0101565,-0.0080192,-0.00581186,-0.00356536,-0.00131446,0.000902967,0.00304675,0.00507548,0.00694759,0.00862896,0.0100899,0.0112715,0.0121502,0.012731,0.0129968,0.0129459,0.0125863,0.0119347,0.0110148,0.00985597,0.00849091,0.00695324,0.00527506,0.0034844,0.00256411,
0.00173641,0.00140732,0.000780123,0.000211774,-0.000304725,-0.000777488,-0.00121516,-0.00162649,-0.00202004,-0.00240393,-0.0027857,-0.00317217,-0.00356942,-0.00398271,-0.00441651,-0.00487449,-0.00535955,-0.00587381,-0.0064187,-0.00699508,-0.00760267,-0.00824087,-0.00890877,-0.00960432,-0.010325,-0.0110677,-0.0118287,-0.0126037,-0.0133876,-0.0141749,-0.0149595,-0.0157344,-0.0164924,-0.0172254,-0.017925,-0.0185821,-0.0191873,-0.0197308,-0.0202023,-0.0205916,-0.0208882,-0.0210815,-0.0211616,-0.0211184,-0.0209427,-0.0206261,-0.0201611,-0.0195416,-0.018763,-0.0178227,-0.0167196,-0.0154593,-0.0140598,-0.0125068,-0.0108033,-0.00898613,-0.00707124,-0.00508017,-0.00303909,-0.000977777,0.00107094,0.00307183,0.00498809,0.0067822,0.00841638,0.00987587,0.0111042,0.0120613,0.0127557,0.0131692,0.0132944,0.0131331,0.0126954,0.0119984,0.0110654,0.00992387,0.0086041,0.00713676,0.00555088,0.00387178,0.00301179,
0.00325256,0.00291941,0.00228513,0.0017117,0.00119197,0.000717744,0.000280346,-0.000128977,-0.00051874,-0.000896993,-0.00127117,-0.00164797,-0.00203333,-0.00243238,-0.00284944,-0.00328802,-0.00375087,-0.00423999,-0.00475667,-0.00530174,-0.00587459,-0.00647456,-0.00710091,-0.00775143,-0.00842356,-0.0091142,-0.00981964,-0.0105356,-0.0112572,-0.0119791,-0.0126952,-0.0133991,-0.0140835,-0.0147409,-0.0153633,-0.0159421,-0.0164684,-0.0169331,-0.0173267,-0.0176396,-0.0178623,-0.0179854,-0.0179996,-0.0178963,-0.0176675,-0.0173059,-0.0168054,-0.0161613,-0.0153705,-0.0144313,-0.0133434,-0.0121275,-0.0107782,-0.00928039,-0.00766617,-0.00595895,-0.0041719,-0.00232732,-0.000450708,0.00142961,0.00328291,0.00507677,0.0067778,0.00835249,0.00976703,0.0110154,0.0120363,0.0127991,0.0133259,0.013593,0.0135976,0.0133443,0.0128443,0.0121149,0.0111785,0.0100609,0.00878989,0.00739338,0.00589764,0.0043255,0.00352291,
0.00469936,0.00436276,0.00372253,0.00314495,0.00262282,0.0021479,0.0017115,0.00130492,0.000919711,0.000547906,0.000182186,-0.00018404,-0.000556575,-0.000940413,-0.00133974,-0.00175795,-0.00219766,-0.00266076,-0.00314843,-0.00366148,-0.00419904,-0.00476041,-0.00534498,-0.00595042,-0.00657418,-0.00721317,-0.00786374,-0.00852169,-0.0091823,-0.0098403,-0.0104899,-0.0111248,-0.0117383,-0.0123231,-0.0128716,-0.0133758,-0.0138274,-0.0142178,-0.0145383,-0.0147802,-0.0149349,-0.0149937,-0.0149487,-0.0147922,-0.0145173,-0.0141181,-0.0135897,-0.0129287,-0.0121329,-0.0112017,-0.0101445,-0.00897349,-0.00766863,-0.00624041,-0.00472314,-0.00312605,-0.001467,0.000232506,0.00194813,0.00365324,0.0053194,0.006917,0.00841606,0.0097871,0.0110032,0.0120507,0.0128845,0.0134837,0.01386,0.0139998,0.0139023,0.0135734,0.0130252,0.0122748,0.0113434,0.0102551,0.00903538,0.00770958,0.00630141,0.00483148,0.0040834,
0.00607479,0.00573545,0.00509053,0.00450989,0.00398626,0.00351143,0.00307676,0.0026736,0.00229359,0.00192888,0.00157226,0.00121727,0.000858229,0.000490257,0.000109292,-0.000287948,-0.000703981,-0.0011406,-0.00159888,-0.00207963,-0.00258179,-0.00310464,-0.00364766,-0.00420846,-0.0047845,-0.00537273,-0.00596958,-0.00657094,-0.00717223,-0.00776838,-0.00835381,-0.00892253,-0.00946809,-0.00998366,-0.0104621,-0.0108958,-0.0112771,-0.0115982,-0.0118509,-0.0120275,-0.0121201,-0.0121211,-0.0120234,-0.0118206,-0.0115068,-0.0110772,-0.0105282,-0.00985735,-0.00906352,-0.00814907,-0.0071338,-0.00600069,-0.00474497,-0.00340083,-0.00197875,-0.000492736,0.00103926,0.00259653,0.00415611,0.00569319,0.00718167,0.00859473,0.00990553,0.0110876,0.0121283,0.0129933,0.0136529,0.01411,0.0143568,0.014388,0.0142052,0.0138155,0.0132316,0.0124699,0.0115506,0.010496,0.00932933,0.00807355,0.00675009,0.00537755,0.00468113,
0.00737712,0.0070358,0.00638762,0.00580507,0.00528093,0.00480701,0.00437476,0.00397563,0.00360138,0.00324428,0.00289724,0.00255394,0.0022088,0.00185708,0.00149481,0.00111881,0.000726655,0.000316633,-0.000112281,-0.000560838,-0.00102788,-0.00151267,-0.00201477,-0.00253176,-0.00306114,-0.0035999,-0.00414457,-0.00469116,-0.00523526,-0.00577196,-0.00629596,-0.00680154,-0.00728258,-0.00773266,-0.00814505,-0.00851276,-0.00882866,-0.00908551,-0.00927604,-0.00939309,-0.00942971,-0.00937927,-0.00923563,-0.00899327,-0.00864748,-0.0081945,-0.00763172,-0.00695771,-0.00617188,-0.00528857,-0.00430911,-0.00321433,-0.0020238,-0.000762353,0.000563703,0.00193912,0.00334628,0.00476548,0.00617521,0.00755258,0.00887384,0.0101149,0.011252,0.0122613,0.0131405,0.0138441,0.0143517,0.0146819,0.0148174,0.0147569,0.014504,0.0140669,0.013458,0.0126936,0.0117923,0.0107747,0.009662,0.00847509,0.00723324,0.00595325,0.00530563,
0.00860493,0.00826246,0.00761252,0.00702932,0.00650567,0.0060335,0.00560436,0.00520984,0.00484182,0.00449273,0.00415561,0.00382426,0.00349324,0.00315791,0.00281441,0.00245965,0.00209128,0.00170765,0.00130779,0.000890991,0.000458465,1.09218e-05,-0.000451232,-0.00092559,-0.00140969,-0.00190063,-0.002395,-0.00288899,-0.00337832,-0.00385832,-0.00432392,-0.00476971,-0.00518992,-0.00557852,-0.00592923,-0.00623561,-0.00649107,-0.00668902,-0.00682291,-0.00688632,-0.00687313,-0.00677757,-0.00659443,-0.00631915,-0.00594798,-0.00547814,-0.00490792,-0.00423643,-0.00346896,-0.00262071,-0.00167194,-0.000623297,0.000493947,0.00167368,0.00290423,0.00417083,0.00545664,0.00674308,0.0080102,0.00923706,0.0104022,0.0114843,0.0124626,0.0133171,0.0140429,0.014605,0.0149873,0.015204,0.0152438,0.0151067,0.0147972,0.0143242,0.0137,0.0129398,0.0120613,0.0110832,0.010025,0.00890541,0.00774188,0.00654959,0.00594799,
0.00975714,0.00941438,0.00876426,0.0081817,0.00765962,0.00719005,0.0067647,0.0063753,0.00601393,0.00567314,0.00534614,0.00502687,0.00471,0.00439102,0.00406615,0.0037324,0.00338748,0.00302979,0.00265839,0.00227264,0.00187373,0.00146235,0.00103889,0.00060571,0.000165201,-0.000279808,-0.000726052,-0.00116985,-0.00160711,-0.00203338,-0.00244386,-0.00283343,-0.00319668,-0.00352798,-0.00382151,-0.00407134,-0.00427144,-0.00441585,-0.00449869,-0.0045143,-0.0044573,-0.00432279,-0.0041064,-0.00380446,-0.00341411,-0.00293346,-0.00236156,-0.00169786,-0.00096046,-0.000140959,0.000775967,0.0017651,0.00281185,0.0039096,0.00504596,0.00620661,0.00737557,0.00853553,0.0096681,0.0107543,0.0117748,0.0127109,0.0135441,0.014263,0.0148502,0.0152832,0.015559,0.0156788,0.0156379,0.0154378,0.0150839,0.0145851,0.0139536,0.0132037,0.0123517,0.011415,0.0104111,0.00935694,0.00826832,0.00715895,0.00660063,
0.010833,0.0104908,0.00984217,0.0092616,0.00874216,0.00827605,0.00785515,0.00747139,0.007117,0.00678474,0.00646797,0.00616077,0.00585796,0.00555511,0.00524857,0.0049354,0.00461338,0.00428096,0.00393722,0.00358158,0.00321517,0.00283864,0.00245239,0.0020587,0.00165989,0.00125868,0.000858199,0.000461977,7.39022e-05,-0.000301796,-0.000660579,-0.000997635,-0.00130792,-0.0015862,-0.0018271,-0.00202518,-0.002175,-0.00227117,-0.00230847,-0.00228194,-0.00218695,-0.00201937,-0.00177563,-0.00145287,-0.00104904,-0.000562957,5.98392e-06,0.000651398,0.00136022,0.00215376,0.0030288,0.00395614,0.00493319,0.00595,0.0069945,0.008053,0.00911051,0.010151,0.0111577,0.0121134,0.0130011,0.013804,0.014506,0.0151043,0.0155698,0.0158883,0.0160715,0.0161096,0.0160018,0.015751,0.0153633,0.0148476,0.0142156,0.0134809,0.0126585,0.0117642,0.010814,0.00982324,0.00880606,0.00777488,0.00725722,
0.0118321,0.0114914,0.0108459,0.0102687,0.00975297,0.00929118,0.00887539,0.00849773,0.00815064,0.00782707,0.00752055,0.00722533,0.00693634,0.0066493,0.00636063,0.00606747,0.00576765,0.00545966,0.0051426,0.00481594,0.00448073,0.00413756,0.00378687,0.00343082,0.00307165,0.00271195,0.00235472,0.00200331,0.00166142,0.00133304,0.00102244,0.000734121,0.000472772,0.000243233,5.04317e-05,-0.000100677,-0.000205176,-0.000258267,-0.000255351,-0.000192118,-6.46498e-05,0.000130479,0.000396094,0.00073432,0.00114649,0.00163317,0.00219484,0.00281252,0.00349827,0.00426544,0.00508782,0.00595599,0.00686398,0.00780171,0.00875751,0.00971846,0.0106706,0.0115992,0.012489,0.0133247,0.0140912,0.014774,0.0153591,0.0158453,0.0162061,0.0164306,0.0165319,0.0165008,0.0163381,0.0160474,0.0156351,0.0151101,0.0144835,0.0137679,0.0129773,0.0121261,0.0112286,0.0102989,0.00934959,0.00839202,0.00791244,
0.0127543,0.0124161,0.0117754,0.0112029,0.010692,0.0102354,0.00982538,0.00945427,0.00911475,0.00879998,0.00850368,0.00822025,0.00794479,0.00767312,0.00740175,0.0071279,0.00684946,0.00656494,0.00627345,0.00597451,0.00566907,0.00535765,0.00504072,0.00472034,0.00439862,0.00407804,0.00376145,0.00345203,0.00315326,0.00286891,0.00260295,0.00235959,0.00214317,0.00195815,0.00180901,0.00170024,0.00163626,0.00162129,0.00165937,0.00175417,0.00190898,0.00212655,0.00240905,0.00275794,0.00317399,0.00365755,0.00420245,0.00479639,0.00546038,0.0061913,0.00696195,0.00777162,0.00861202,0.00947327,0.0103443,0.0112128,0.0120662,0.0128907,0.0136728,0.0143989,0.0150557,0.0156308,0.016113,0.0164978,0.0167673,0.0169138,0.0169449,0.0168563,0.0166494,0.0163282,0.0158993,0.0153713,0.0147548,0.0140616,0.0133044,0.0124963,0.0116504,0.0107792,0.00989435,0.00900591,0.00856197,
0.0136,0.0132652,0.0126309,0.0120645,0.0115596,0.0111091,0.0107054,0.0103413,0.0100095,0.00970365,0.00941748,0.00914562,0.00888331,0.00862649,0.00837178,0.00811647,0.00785848,0.00759636,0.00732922,0.00705665,0.00677946,0.00649808,0.00621305,0.00592628,0.00563977,0.00535587,0.00507728,0.00480699,0.00454827,0.00430465,0.00407985,0.00387774,0.00370234,0.00355772,0.00344796,0.0033771,0.00334905,0.00336754,0.00343604,0.00355765,0.00373507,0.00397044,0.00426534,0.00462067,0.00503668,0.00551371,0.00603418,0.0066094,0.0072518,0.0079377,0.00865922,0.00941159,0.0101865,0.0109745,0.0117651,0.0125471,0.0133084,0.0140371,0.0147207,0.0153473,0.0159053,0.0163838,0.0167779,0.017074,0.017261,0.0173418,0.0173149,0.0171796,0.0169379,0.0165945,0.0161559,0.0156304,0.015028,0.0143595,0.0136367,0.0128714,0.0120756,0.0112605,0.0104366,0.00961295,0.00920229,
0.0143698,0.0140392,0.0134131,0.0128542,0.0123563,0.0119126,0.011516,0.0111592,0.0108356,0.0105386,0.0102624,0.0100018,0.00975226,0.00950973,0.00927098,0.00903335,0.00879484,0.00855399,0.00830994,0.00806231,0.00781178,0.0075587,0.00730365,0.0070484,0.00679484,0.00654517,0.00630193,0.00606794,0.00584625,0.00564014,0.00545307,0.00528863,0.00515048,0.00504233,0.00496788,0.00493072,0.00493432,0.00498191,0.00507645,0.00522052,0.00541627,0.00566531,0.00596869,0.00632685,0.00673987,0.00720273,0.007703,0.00826015,0.00887277,0.00951566,0.0101889,0.0108856,0.0115978,0.0123163,0.0130314,0.0137326,0.0144091,0.0150499,0.0156441,0.0161812,0.0166509,0.0170439,0.01736,0.0175799,0.017697,0.0177216,0.0176471,0.0174743,0.0172062,0.0168477,0.0164051,0.0158866,0.0153013,0.0146594,0.0139715,0.0132486,0.0125012,0.0117396,0.0109732,0.0102102,0.00983063,
0.0150646,0.0147392,0.0141228,0.0135727,0.013083,0.012647,0.012258,0.011909,0.0115936,0.0113055,0.0110392,0.0107897,0.0105524,0.0103235,0.0101,0.00987917,0.0096591,0.00943836,0.00921608,0.00899194,0.00876645,0.00853991,0.00831292,0.00808711,0.00786424,0.00764638,0.0074359,0.00723543,0.00704782,0.00687612,0.00672351,0.00659329,0.00648881,0.00641343,0.00637046,0.00636309,0.00639436,0.00646705,0.00658366,0.00674627,0.00695655,0.00721564,0.00752412,0.00788205,0.00828952,0.00873187,0.00921674,0.0097564,0.0103319,0.0109346,0.0115609,0.0122043,0.0128568,0.01351,0.0141547,0.0147813,0.01538,0.015941,0.0164546,0.0169115,0.0173032,0.0176217,0.0178662,0.018022,0.0180836,0.0180597,0.017946,0.0177438,0.0174565,0.0170889,0.0166473,0.0161393,0.0155737,0.0149596,0.0143069,0.0136253,0.0129246,0.0122139,0.0115017,0.0107955,0.0104448,
0.0156857,0.0153663,0.0147613,0.0142213,0.0137408,0.0133134,0.0129325,0.0125917,0.0122847,0.0120056,0.0117491,0.0115102,0.0112847,0.0110689,0.0108598,0.0106549,0.0104522,0.0102504,0.0100486,0.00984647,0.00964441,0.00944265,0.00924182,0.0090434,0.00884901,0.00866059,0.00848036,0.00831074,0.00815439,0.00801412,0.00789286,0.00779363,0.00771946,0.00767338,0.00765835,0.00767718,0.0077325,0.00782668,0.00796178,0.00813947,0.00836096,0.00862699,0.00893775,0.00929312,0.00968973,0.0101145,0.0105845,0.0111012,0.0116412,0.0122047,0.012786,0.0133786,0.013975,0.0145673,0.0151469,0.0157051,0.016233,0.0167219,0.0171633,0.0175491,0.017872,0.018126,0.018308,0.0184085,0.0184246,0.0183607,0.0182157,0.0179913,0.0176908,0.0173192,0.0168826,0.0163883,0.0158441,0.0152587,0.0146409,0.0139996,0.0133437,0.0126814,0.0120202,0.0113671,0.0110433,
0.0162346,0.015922,0.0153299,0.0148014,0.0143311,0.013913,0.013541,0.0132088,0.0129104,0.0126403,0.0123932,0.0121647,0.0119505,0.0117472,0.0115518,0.0113619,0.0111755,0.0109915,0.0108088,0.0106272,0.010447,0.0102683,0.0100918,0.00991876,0.00975072,0.00958948,0.00943708,0.00929577,0.00916801,0.00905637,0.00896355,0.00889227,0.0088453,0.00882534,0.00883501,0.00887678,0.00895289,0.00906535,0.00921581,0.00940556,0.00963542,0.00990576,0.0102165,0.0105676,0.010948,0.0113598,0.0118159,0.0123034,0.0128108,0.0133366,0.0138751,0.0144199,0.0149639,0.0154998,0.0160196,0.0165155,0.0169795,0.0174038,0.0177808,0.0181038,0.0183663,0.018566,0.0186945,0.0187465,0.018725,0.0186293,0.01846,0.0182194,0.0179111,0.0175398,0.0171116,0.0166331,0.0161117,0.0155554,0.0149721,0.01437,0.013757,0.0131405,0.0125273,0.0119237,0.011625,
0.0167131,0.0164082,0.0158305,0.0153147,0.0148556,0.0144477,0.014085,0.0137617,0.0134722,0.013211,0.0129734,0.0127549,0.0125516,0.0123601,0.0121776,0.0120017,0.0118307,0.0116632,0.0114984,0.011336,0.0111761,0.0110188,0.0108647,0.0107152,0.0105714,0.0104352,0.0103083,0.010193,0.0100913,0.0100057,0.00993856,0.00989247,0.00986986,0.00987312,0.00990458,0.00996636,0.0100604,0.0101883,0.0103514,0.0105506,0.0107865,0.011059,0.0113679,0.011712,0.0120767,0.0124765,0.0129164,0.0133748,0.0138512,0.0143411,0.0148392,0.0153394,0.0158349,0.016319,0.0167844,0.017224,0.0176306,0.0179972,0.0183175,0.0185854,0.0187956,0.018948,0.0190316,0.0190436,0.0189908,0.0188699,0.0186824,0.0184309,0.0181191,0.0177518,0.0173345,0.0168736,0.016376,0.0158488,0.0152994,0.0147352,0.0141631,0.01359,0.013022,0.0124646,0.0121893,
0.0171233,0.0168269,0.0162651,0.0157631,0.0153163,0.0149193,0.0145666,0.0142526,0.013972,0.0137198,0.0134914,0.0132826,0.0130897,0.0129094,0.012739,0.0125764,0.0124197,0.0122677,0.0121194,0.0119747,0.0118336,0.0116961,0.0115629,0.0114349,0.0113136,0.0112003,0.0110969,0.0110051,0.0109272,0.0108652,0.0108214,0.010798,0.0107971,0.010821,0.0108717,0.0109509,0.0110603,0.0112013,0.0113747,0.0115813,0.0118212,0.0120943,0.0124003,0.0127327,0.0130865,0.0134751,0.0138935,0.0143261,0.0147728,0.015229,0.0156894,0.0161482,0.0165993,0.0170362,0.0174524,0.0178413,0.0181967,0.0185125,0.0187829,0.019003,0.0191683,0.0192784,0.0193252,0.0193062,0.0192273,0.0190868,0.0188861,0.0186281,0.0183165,0.0179559,0.0175517,0.0171098,0.0166364,0.0161382,0.0156219,0.0150941,0.0145612,0.0140291,0.0135035,0.0129893,0.0127356,
0.0174677,0.0171804,0.0166358,0.0161489,0.0157153,0.01533,0.0149877,0.0146834,0.0144119,0.0141688,0.0139494,0.01375,0.0135669,0.0133973,0.0132383,0.013088,0.0129447,0.012807,0.0126741,0.0125458,0.0124221,0.0123028,0.0121887,0.0120807,0.0119799,0.0118877,0.0118057,0.0117356,0.0116793,0.0116387,0.0116159,0.0116129,0.0116315,0.0116738,0.0117414,0.0118358,0.0119585,0.0121104,0.0122923,0.0125045,0.0127469,0.0130193,0.0133214,0.0136405,0.0139852,0.0143634,0.0147585,0.015167,0.0155859,0.0160107,0.0164363,0.0168572,0.0172677,0.017662,0.0180339,0.0183778,0.0186879,0.0189589,0.0191859,0.0193648,0.0194918,0.0195658,0.0195818,0.0195383,0.0194388,0.0192834,0.0190739,0.0188131,0.0185047,0.0181532,0.0177637,0.0173415,0.0168927,0.0164231,0.015939,0.0154461,0.0149504,0.0144572,0.0139714,0.0134976,0.0132641,
0.0177486,0.0174712,0.0169452,0.0164745,0.016055,0.015682,0.0153508,0.0150564,0.0147943,0.0145601,0.0143497,0.0141593,0.0139857,0.0138261,0.0136778,0.013539,0.013408,0.0132836,0.0131649,0.0130517,0.012944,0.0128416,0.0127451,0.0126554,0.0125734,0.0125005,0.0124381,0.0123877,0.0123511,0.0123301,0.0123263,0.0123416,0.0123778,0.0124364,0.0125189,0.0126267,0.0127608,0.012922,0.0131108,0.0133272,0.0135711,0.013842,0.0141377,0.0144467,0.0147826,0.0151473,0.015522,0.0159078,0.0163007,0.0166965,0.0170902,0.0174766,0.0178505,0.0182065,0.018539,0.018843,0.0191132,0.0193452,0.0195347,0.019678,0.0197734,0.0198173,0.019807,0.0197438,0.0196288,0.019463,0.0192483,0.0189878,0.0186851,0.0183445,0.0179707,0.0175689,0.0171445,0.016703,0.01625,0.0157907,0.0153303,0.0148738,0.0144255,0.0139895,0.0137749,
0.0179689,0.0177021,0.0171959,0.0167424,0.0163379,0.015978,0.0156583,0.0153743,0.0151217,0.0148964,0.0146947,0.0145131,0.0143486,0.0141983,0.0140601,0.0139319,0.0138123,0.0137001,0.0135945,0.0134952,0.0134022,0.0133153,0.013235,0.013162,0.0130974,0.0130421,0.0129977,0.0129653,0.0129467,0.0129433,0.0129568,0.0129888,0.0130407,0.0131139,0.0132098,0.0133294,0.0134734,0.0136426,0.0138371,0.0140568,0.0143014,0.0145704,0.0148572,0.0151597,0.0154882,0.0158363,0.016193,0.0165578,0.0169269,0.0172962,0.0176609,0.0180163,0.0183574,0.0186793,0.018977,0.0192458,0.0194814,0.0196795,0.0198367,0.0199499,0.0200188,0.020038,0.0200063,0.0199276,0.0198012,0.0196284,0.0194117,0.019154,0.0188589,0.0185305,0.0181733,0.0177921,0.0173919,0.0169777,0.0165545,0.0161273,0.0157006,0.0152788,0.0148659,0.0144652,0.0142684,
0.0181315,0.0178759,0.0173908,0.0169556,0.0165669,0.0162207,0.015913,0.0156396,0.0153966,0.0151803,0.0149872,0.014814,0.014658,0.0145166,0.0143877,0.0142694,0.0141603,0.0140593,0.0139657,0.0138792,0.0137996,0.0137269,0.0136614,0.0136038,0.013555,0.013516,0.013488,0.0134722,0.0134699,0.0134827,0.013512,0.013559,0.0136252,0.0137116,0.0138195,0.0139496,0.0141025,0.0142785,0.0144779,0.0147002,0.014945,0.0152119,0.0154899,0.0157867,0.0161082,0.0164403,0.0167805,0.0171262,0.0174738,0.0178191,0.0181578,0.0184855,0.0187975,0.0190892,0.0193564,0.0195946,0.0198001,0.0199692,0.020099,0.020187,0.020233,0.0202323,0.0201846,0.0200937,0.0199591,0.0197824,0.0195661,0.0193132,0.0190271,0.0187118,0.0183716,0.018011,0.0176345,0.0172468,0.0168524,0.0164558,0.0160611,0.0156721,0.0152925,0.0149252,0.014745,
0.0182395,0.0179958,0.0175328,0.0171169,0.0167448,0.016413,0.0161177,0.0158552,0.015622,0.0154146,0.0152299,0.0150648,0.0149169,0.0147837,0.0146634,0.0145542,0.0144548,0.0143641,0.0142814,0.0142065,0.0141393,0.0140795,0.0140276,0.0139841,0.0139499,0.0139257,0.0139127,0.0139121,0.0139249,0.0139526,0.0139962,0.0140571,0.0141363,0.0142348,0.0143535,0.0144931,0.014654,0.0148363,0.0150399,0.0152644,0.0155092,0.0157731,0.016045,0.0163363,0.0166495,0.0169682,0.0172934,0.0176219,0.01795,0.018274,0.0185896,0.0188928,0.0191792,0.0194446,0.0196852,0.019897,0.0200767,0.0202212,0.0203279,0.0203948,0.0204216,0.0204053,0.0203455,0.0202455,0.0201055,0.0199273,0.0197134,0.0194667,0.0191907,0.0188892,0.0185662,0.0182258,0.0178724,0.0175102,0.0171434,0.0167759,0.0164116,0.0160537,0.0157056,0.0153697,0.0152052,
0.0182963,0.018065,0.0176253,0.0172295,0.0168748,0.0165579,0.0162755,0.0160242,0.0158008,0.0156022,0.0154256,0.0152684,0.015128,0.0150026,0.0148901,0.0147892,0.0146986,0.0146172,0.0145445,0.0144802,0.0144242,0.0143763,0.0143368,0.0143062,0.0142853,0.0142748,0.0142757,0.014289,0.0143158,0.0143571,0.014414,0.0144877,0.0145789,0.0146886,0.0148173,0.0149657,0.0151339,0.015322,0.0155296,0.0157562,0.0160013,0.0162609,0.0165296,0.0168169,0.0171202,0.0174277,0.0177397,0.0180529,0.018364,0.0186691,0.0189645,0.0192462,0.0195104,0.0197531,0.0199708,0.02016,0.0203178,0.0204415,0.020529,0.0205786,0.0205899,0.0205611,0.0204924,0.020386,0.0202429,0.0200652,0.0198552,0.0196159,0.0193507,0.0190632,0.0187572,0.0184366,0.0181055,0.0177678,0.0174273,0.0170875,0.016752,0.0164236,0.0161053,0.0157993,0.0156497,
0.0183052,0.018087,0.0176716,0.0172968,0.0169602,0.0166587,0.0163895,0.0161495,0.015936,0.0157462,0.0155775,0.0154276,0.0152944,0.015176,0.0150708,0.0149774,0.0148947,0.0148218,0.014758,0.0147031,0.0146574,0.0146204,0.0145922,0.0145735,0.0145648,0.0145669,0.0145806,0.0146068,0.0146464,0.0147005,0.0147698,0.0148553,0.0149578,0.015078,0.0152162,0.0153729,0.015548,0.0157416,0.0159532,0.0161821,0.0164277,0.0166833,0.0169503,0.0172346,0.0175285,0.0178265,0.018127,0.018427,0.0187233,0.0190122,0.0192901,0.0195534,0.0197984,0.0200217,0.0202199,0.02039,0.0205294,0.0206359,0.0207075,0.0207434,0.0207422,0.0207035,0.0206283,0.0205179,0.0203738,0.020198,0.019993,0.0197619,0.0195078,0.0192343,0.0189449,0.0186435,0.0183338,0.0180194,0.0177039,0.0173904,0.0170821,0.0167818,0.0164919,0.0162143,0.0160789,
0.0182699,0.0180653,0.0176751,0.0173223,0.0170043,0.0167187,0.016463,0.0162345,0.0160308,0.0158495,0.0156884,0.0155455,0.0154189,0.0153069,0.0152082,0.0151215,0.0150459,0.0149805,0.0149249,0.0148785,0.0148419,0.0148149,0.014797,0.014789,0.0147916,0.0148053,0.0148309,0.0148692,0.0149209,0.0149868,0.0150678,0.0151646,0.0152778,0.0154078,0.0155551,0.0157198,0.0159019,0.016101,0.0163167,0.0165481,0.0167948,0.0170478,0.0173134,0.0175952,0.0178818,0.0181717,0.0184626,0.0187515,0.0190352,0.0193103,0.0195734,0.019821,0.0200499,0.0202568,0.0204387,0.020593,0.0207172,0.0208094,0.0208681,0.0208931,0.0208824,0.0208361,0.0207564,0.0206438,0.0205001,0.0203274,0.0201283,0.0199057,0.0196627,0.0194029,0.0191297,0.0188466,0.0185572,0.0182649,0.0179729,0.0176844,0.017402,0.0171282,0.0168653,0.016615,0.0164933,
0.0181943,0.0180037,0.0176397,0.0173094,0.0170108,0.0167415,0.0164994,0.0162824,0.0160884,0.0159154,0.0157616,0.0156251,0.0155045,0.0153983,0.0153053,0.0152246,0.0151551,0.0150964,0.0150479,0.0150092,0.0149809,0.0149626,0.0149541,0.0149562,0.0149691,0.0149936,0.0150303,0.0150798,0.0151428,0.0152201,0.0153122,0.0154197,0.0155431,0.0156829,0.0158391,0.0160117,0.0162007,0.0164056,0.0166257,0.0168602,0.0171084,0.0173607,0.0176255,0.0179053,0.0181866,0.0184701,0.0187532,0.019033,0.0193063,0.0195701,0.0198209,0.0200556,0.0202712,0.0204646,0.0206331,0.0207743,0.0208861,0.0209669,0.0210154,0.0210317,0.0210138,0.0209623,0.0208796,0.0207662,0.020624,0.0204551,0.0202622,0.0200482,0.0198162,0.0195695,0.0193116,0.0190458,0.0187755,0.018504,0.0182342,0.0179691,0.0177111,0.0174627,0.0172257,0.0170016,0.016893,
0.0180821,0.017906,0.0175692,0.0172622,0.0169832,0.0167305,0.0165022,0.0162967,0.0161122,0.0159471,0.0158,0.0156694,0.0155541,0.015453,0.015365,0.0152893,0.0152252,0.0151722,0.0151299,0.0150981,0.0150771,0.0150667,0.0150668,0.0150779,0.0151005,0.015135,0.015182,0.0152422,0.015316,0.015404,0.0155068,0.0156247,0.0157583,0.0159075,0.0160726,0.0162533,0.0164495,0.0166605,0.0168856,0.0171239,0.0173738,0.0176277,0.0178932,0.0181709,0.0184489,0.0187278,0.019005,0.0192778,0.019543,0.0197977,0.0200387,0.0202631,0.0204679,0.0206504,0.0208081,0.0209389,0.0210409,0.0211127,0.0211533,0.0211627,0.0211396,0.0210848,0.0210003,0.0208872,0.0207471,0.0205825,0.0203959,0.0201903,0.0199687,0.0197344,0.0194908,0.0192411,0.0189886,0.0187363,0.0184873,0.0182441,0.0180093,0.0177849,0.0175726,0.0173739,0.0172781,
0.0179377,0.0177766,0.0174677,0.0171845,0.0169256,0.0166896,0.0164751,0.0162808,0.0161054,0.0159478,0.0158068,0.0156815,0.0155708,0.0154738,0.0153899,0.0153184,0.0152588,0.0152107,0.0151737,0.0151478,0.0151332,0.0151299,0.0151377,0.0151572,0.0151887,0.0152326,0.0152894,0.0153596,0.0154438,0.0155422,0.0156554,0.0157836,0.0159271,0.0160859,0.01626,0.0164492,0.0166529,0.0168706,0.0171013,0.0173443,0.0175966,0.0178539,0.0181216,0.0183979,0.0186743,0.0189505,0.0192239,0.0194917,0.019751,0.0199989,0.0202325,0.0204489,0.0206454,0.0208195,0.0209689,0.0210916,0.021186,0.0212509,0.0212856,0.0212898,0.0212631,0.0212062,0.021121,0.0210087,0.0208712,0.0207109,0.0205305,0.0203327,0.0201208,0.0198979,0.0196674,0.0194324,0.0191961,0.0189616,0.0187317,0.018509,0.0182958,0.0180941,0.0179057,0.0177316,0.0176484,
0.0177653,0.0176197,0.0173394,0.0170805,0.0168419,0.0166225,0.0164216,0.0162381,0.0160714,0.0159206,0.0157851,0.0156641,0.0155572,0.0154636,0.0153829,0.0153146,0.0152585,0.0152143,0.0151818,0.0151609,0.0151519,0.0151549,0.0151697,0.0151968,0.0152365,0.0152893,0.0153554,0.0154353,0.0155294,0.0156381,0.0157615,0.0158999,0.0160535,0.0162221,0.0164055,0.0166034,0.0168153,0.0170403,0.0172776,0.0175261,0.0177823,0.0180442,0.0183152,0.0185918,0.0188684,0.0191437,0.0194152,0.0196801,0.0199356,0.020179,0.0204074,0.0206182,0.0208087,0.0209766,0.0211199,0.0212366,0.0213254,0.0213853,0.0214156,0.0214162,0.0213871,0.0213291,0.0212438,0.0211327,0.0209979,0.0208417,0.0206669,0.0204762,0.020273,0.0200602,0.0198413,0.0196195,0.0193978,0.0191793,0.0189669,0.0187629,0.0185699,0.0183897,0.018224,0.018074,0.0180031,
0.0175698,0.01744,0.017189,0.0169546,0.0167363,0.0165334,0.0163456,0.0161724,0.0160135,0.0158688,0.0157378,0.0156203,0.0155161,0.0154248,0.0153463,0.0152803,0.0152268,0.0151855,0.0151565,0.0151398,0.0151357,0.0151442,0.0151653,0.0151994,0.0152468,0.0153079,0.0153829,0.0154722,0.015576,0.0156947,0.0158284,0.0159771,0.0161409,0.0163195,0.0165127,0.01672,0.0169407,0.017174,0.0174188,0.017674,0.0179355,0.0182031,0.0184787,0.0187576,0.0190362,0.0193124,0.0195839,0.019848,0.0201019,0.020343,0.0205684,0.0207757,0.0209624,0.0211263,0.0212654,0.0213781,0.0214631,0.0215195,0.0215469,0.0215451,0.0215144,0.0214558,0.0213708,0.0212611,0.0211287,0.0209762,0.0208061,0.0206215,0.0204256,0.0202215,0.0200126,0.0198021,0.0195931,0.0193888,0.0191918,0.019005,0.0188305,0.0186705,0.0185265,0.0183999,0.0183411,
0.0173561,0.0172425,0.0170212,0.0168115,0.0166132,0.0164263,0.0162509,0.0160871,0.0159352,0.0157953,0.0156678,0.0155526,0.01545,0.0153599,0.0152825,0.0152178,0.0151658,0.0151265,0.0151002,0.0150868,0.0150867,0.0151,0.0151267,0.0151673,0.0152219,0.0152909,0.0153745,0.0154729,0.0155864,0.0157151,0.015859,0.0160182,0.0161925,0.0163817,0.0165852,0.0168025,0.0170329,0.0172753,0.0175287,0.0177918,0.0180605,0.018335,0.0186165,0.0188998,0.0191821,0.0194613,0.0197349,0.0200002,0.0202546,0.0204955,0.0207201,0.020926,0.0211109,0.0212728,0.0214096,0.02152,0.0216027,0.021657,0.0216826,0.0216793,0.0216477,0.0215888,0.0215042,0.0213956,0.0212652,0.0211154,0.020949,0.0207692,0.020579,0.0203818,0.020181,0.0199798,0.0197814,0.0195891,0.0194057,0.0192339,0.0190763,0.0189349,0.0188115,0.0187076,0.0186607,
0.0171298,0.0170326,0.0168412,0.016656,0.0164772,0.0163054,0.0161413,0.0159858,0.0158395,0.0157033,0.0155778,0.0154637,0.0153614,0.0152713,0.0151938,0.0151291,0.0150776,0.0150394,0.0150148,0.0150039,0.015007,0.0150245,0.0150563,0.0151028,0.0151642,0.0152407,0.0153326,0.01544,0.0155631,0.0157018,0.0158562,0.0160262,0.0162114,0.0164116,0.0166261,0.0168543,0.0170953,0.017348,0.0176112,0.0178836,0.018161,0.0184439,0.0187329,0.0190225,0.0193105,0.0195946,0.0198724,0.0201411,0.0203981,0.0206409,0.0208668,0.0210734,0.0212586,0.0214202,0.0215565,0.0216661,0.0217479,0.0218012,0.021826,0.0218218,0.0217896,0.0217306,0.0216461,0.0215381,0.0214087,0.0212606,0.0210966,0.0209199,0.0207336,0.0205413,0.0203463,0.0201521,0.019962,0.0197793,0.0196072,0.0194484,0.0193056,0.0191811,0.019077,0.018995,0.0189597,
0.016897,0.0168163,0.0166548,0.0164934,0.0163331,0.0161751,0.0160209,0.015872,0.0157297,0.0155955,0.0154705,0.0153558,0.0152523,0.0151608,0.0150819,0.0150162,0.014964,0.0149259,0.014902,0.0148928,0.0148985,0.0149195,0.0149558,0.0150078,0.0150756,0.0151594,0.0152594,0.0153757,0.0155083,0.0156573,0.0158224,0.0160035,0.0162002,0.0164121,0.0166384,0.0168783,0.017131,0.0173951,0.0176695,0.0179526,0.0182405,0.0185335,0.0188316,0.0191296,0.0194254,0.0197165,0.0200006,0.0202748,0.0205367,0.0207835,0.0210128,0.0212221,0.0214094,0.0215725,0.0217099,0.0218201,0.0219022,0.0219555,0.02198,0.0219755,0.0219428,0.0218834,0.0217986,0.0216903,0.0215609,0.0214131,0.0212498,0.0210742,0.0208897,0.0206998,0.0205082,0.0203184,0.020134,0.0199584,0.0197949,0.0196466,0.0195164,0.0194069,0.0193205,0.0192592,0.019235,
0.0166646,0.0166003,0.0164681,0.0163294,0.0161859,0.0160399,0.0158935,0.0157491,0.0156088,0.0154745,0.0153481,0.015231,0.0151247,0.0150303,0.0149486,0.0148805,0.0148266,0.0147874,0.0147635,0.0147552,0.0147628,0.0147867,0.014827,0.014884,0.0149579,0.0150488,0.0151568,0.015282,0.0154243,0.0155837,0.0157599,0.0159526,0.0161613,0.0163855,0.0166245,0.0168773,0.0171428,0.0174197,0.0177066,0.0180021,0.0183022,0.0186072,0.0189163,0.0192247,0.0195304,0.0198308,0.0201233,0.0204053,0.0206742,0.0209273,0.021162,0.0213761,0.0215673,0.0217337,0.0218736,0.0219857,0.0220692,0.0221233,0.022148,0.0221433,0.0221101,0.0220498,0.0219638,0.0218542,0.0217234,0.0215741,0.0214094,0.0212327,0.0210475,0.0208575,0.0206664,0.0204781,0.0202964,0.0201249,0.0199672,0.0198267,0.0197065,0.0196096,0.0195388,0.0194966,0.0194829,
0.0164405,0.0163921,0.0162878,0.0161697,0.0160408,0.0159042,0.015763,0.0156205,0.0154796,0.0153428,0.0152127,0.0150912,0.0149802,0.014881,0.0147951,0.0147233,0.0146665,0.0146253,0.0146004,0.0145922,0.0146011,0.0146273,0.0146713,0.014733,0.0148127,0.0149105,0.0150265,0.0151606,0.0153128,0.0154828,0.0156705,0.0158753,0.0160968,0.0163342,0.0165868,0.0168535,0.0171331,0.0174242,0.0177253,0.0180348,0.0183492,0.0186679,0.01899,0.0193111,0.0196289,0.0199409,0.0202443,0.0205364,0.0208145,0.0210761,0.0213184,0.0215392,0.0217362,0.0219075,0.0220515,0.0221667,0.0222524,0.0223079,0.0223331,0.0223283,0.0222942,0.0222323,0.0221441,0.0220318,0.0218978,0.021745,0.0215767,0.0213962,0.0212074,0.0210142,0.0208205,0.0206304,0.020448,0.0202773,0.0201222,0.0199864,0.0198733,0.0197863,0.0197285,0.019703,0.0196988,
0.0162334,0.0161999,0.0161211,0.0160207,0.0159031,0.0157725,0.0156332,0.0154892,0.0153445,0.0152024,0.0150659,0.0149376,0.0148198,0.0147142,0.0146224,0.0145455,0.0144846,0.0144405,0.0144137,0.0144049,0.0144144,0.0144426,0.0144897,0.0145558,0.0146412,0.0147458,0.0148698,0.0150129,0.0151752,0.0153563,0.0155559,0.0157734,0.0160084,0.01626,0.0165272,0.016809,0.0171041,0.017411,0.017728,0.0180533,0.0183838,0.0187185,0.0190558,0.0193919,0.0197243,0.0200502,0.0203669,0.0206715,0.0209614,0.0212337,0.0214858,0.0217154,0.0219201,0.0220979,0.0222473,0.0223668,0.0224555,0.0225129,0.0225389,0.0225336,0.0224981,0.0224336,0.0223419,0.0222251,0.0220859,0.0219273,0.0217525,0.0215654,0.0213698,0.0211699,0.02097,0.0207744,0.0205877,0.0204142,0.0202581,0.0201234,0.0200141,0.0199338,0.0198858,0.0198739,0.0198774,
0.0160538,0.0160333,0.0159759,0.015889,0.0157782,0.0156492,0.0155074,0.015358,0.0152058,0.0150549,0.014909,0.0147713,0.0146444,0.0145304,0.014431,0.0143477,0.0142815,0.0142334,0.014204,0.0141939,0.0142035,0.0142332,0.0142832,0.0143535,0.0144444,0.0145558,0.0146878,0.0148401,0.0150127,0.0152053,0.0154173,0.0156483,0.0158975,0.0161642,0.0164472,0.0167455,0.0170575,0.0173818,0.0177165,0.0180597,0.0184085,0.0187613,0.0191163,0.0194698,0.0198193,0.0201617,0.0204943,0.0208141,0.0211182,0.0214037,0.0216679,0.0219084,0.0221227,0.0223088,0.022465,0.0225898,0.0226824,0.022742,0.0227687,0.0227627,0.0227249,0.0226567,0.0225598,0.0224366,0.0222898,0.0221225,0.0219383,0.0217411,0.0215351,0.0213246,0.0211144,0.0209093,0.020714,0.0205335,0.0203724,0.0202352,0.0201261,0.0200488,0.020007,0.0200044,0.0200134,
0.0159128,0.0159021,0.0158603,0.0157811,0.0156716,0.0155386,0.015389,0.0152292,0.015065,0.0149014,0.0147428,0.0145927,0.0144542,0.0143297,0.0142211,0.0141299,0.0140573,0.0140043,0.0139715,0.0139596,0.0139688,0.0139996,0.0140522,0.0141265,0.0142228,0.014341,0.0144811,0.0146429,0.0148262,0.0150306,0.0152557,0.0155008,0.0157652,0.016048,0.0163481,0.0166642,0.0169948,0.0173382,0.0176926,0.0180557,0.018425,0.0187984,0.0191736,0.0195473,0.0199165,0.0202783,0.0206296,0.0209673,0.0212883,0.0215896,0.0218684,0.0221219,0.0223479,0.0225439,0.0227084,0.0228396,0.0229367,0.022999,0.0230263,0.023019,0.0229779,0.0229045,0.0228006,0.0226687,0.0225116,0.0223326,0.0221355,0.0219243,0.0217037,0.0214784,0.0212534,0.0210341,0.0208256,0.0206335,0.0204629,0.020319,0.0202062,0.0201285,0.020089,0.0200907,0.0201021,
0.0158213,0.0158163,0.0157822,0.0157037,0.0155884,0.0154446,0.0152807,0.0151046,0.0149232,0.0147424,0.0145672,0.0144016,0.0142489,0.0141118,0.0139922,0.0138918,0.0138117,0.0137529,0.0137161,0.0137018,0.0137103,0.0137419,0.0137968,0.0138751,0.0139768,0.0141019,0.0142502,0.0144217,0.014616,0.0148328,0.0150715,0.0153315,0.0156121,0.0159121,0.0162306,0.016566,0.0169169,0.0172813,0.0176574,0.0180428,0.018435,0.0188314,0.0192296,0.0196263,0.0200183,0.0204025,0.0207754,0.021134,0.0214748,0.0217946,0.0220906,0.0223597,0.0225994,0.0228073,0.0229814,0.0231202,0.0232226,0.0232877,0.0233154,0.0233061,0.0232606,0.0231804,0.0230674,0.0229242,0.0227537,0.0225595,0.0223455,0.0221162,0.0218765,0.0216315,0.0213866,0.0211478,0.0209208,0.0207118,0.0205268,0.0203716,0.0202513,0.02017,0.0201299,0.0201312,0.0201421,
0.0157858,0.0157823,0.0157484,0.015663,0.0155336,0.0153706,0.0151846,0.0149852,0.0147806,0.0145775,0.0143815,0.0141971,0.0140275,0.0138756,0.0137434,0.0136324,0.0135439,0.0134786,0.0134371,0.01342,0.0134274,0.0134597,0.0135169,0.013599,0.0137061,0.0138382,0.013995,0.0141764,0.0143821,0.0146117,0.0148647,0.0151405,0.0154381,0.0157566,0.0160948,0.0164511,0.016824,0.0172116,0.0176116,0.0180217,0.0184393,0.0188616,0.0192858,0.0197086,0.0201265,0.0205363,0.0209342,0.0213167,0.0216805,0.022022,0.0223379,0.0226251,0.0228809,0.0231026,0.0232881,0.0234356,0.0235439,0.0236121,0.02364,0.0236279,0.0235767,0.0234878,0.0233633,0.0232059,0.0230186,0.0228054,0.0225703,0.0223182,0.0220543,0.0217841,0.0215137,0.0212495,0.020998,0.0207662,0.020561,0.0203893,0.0202574,0.0201702,0.0201293,0.0201302,0.0201401,
0.0157823,0.0157788,0.0157434,0.0156527,0.015514,0.015339,0.0151398,0.0149268,0.014709,0.0144935,0.0142861,0.0140913,0.0139126,0.0137528,0.0136138,0.0134973,0.0134042,0.0133355,0.0132916,0.013273,0.0132799,0.0133124,0.0133707,0.0134547,0.0135646,0.0137001,0.0138612,0.0140476,0.0142591,0.0144953,0.0147557,0.0150395,0.0153459,0.015674,0.0160223,0.0163895,0.0167739,0.0171735,0.0175861,0.0180092,0.0184401,0.0188761,0.019314,0.0197507,0.0201825,0.0206058,0.021017,0.0214125,0.0217885,0.0221415,0.0224682,0.0227652,0.0230295,0.0232587,0.0234502,0.0236025,0.0237139,0.0237838,0.0238117,0.023798,0.0237436,0.0236499,0.023519,0.0233537,0.0231572,0.0229334,0.0226867,0.0224219,0.0221445,0.0218604,0.0215757,0.0212972,0.0210319,0.020787,0.0205702,0.0203889,0.0202502,0.0201596,0.0201187,0.0201204,0.0201303,
