0,0,0,0,0,0,0,0,0,0,0,0,0,0,0,0,0,0,0,0,0,0,0,0,0,0,0,0,0,0,0,0,0,0,0,0,0,0,0,0,0,0,0,0,0,0,0,0,0,0,0,0,0,0,0,0,0,0,0,0,0,0,0,0,0,0,0,0,0,0,0,0,0,0,0,0,0,0,0,0,0,
0,0.23522,0.174363,0.110106,0.0698458,0.0462407,0.0322106,0.0235543,0.0179733,0.0142146,0.0115797,0.00966641,0.00823399,0.00713305,0.00626742,0.00557312,0.00500636,0.00453637,0.00414103,0.00380411,0.00351349,0.00325997,0.00303643,0.00283733,0.00265825,0.00249565,0.00234664,0.00220885,0.00208028,0.00195927,0.00184437,0.00173437,0.00162817,0.00152484,0.00142354,0.0013235,0.00122406,0.00112458,0.00102451,0.000923313,0.000820511,0.000715645,0.00060828,0.000497993,0.000384343,0.000266796,0.000144735,2.0118e-05,-0.000103995,-0.000239744,-0.000386977,-0.000535511,-0.000689267,-0.000849957,-0.00101885,-0.00119714,-0.00138615,-0.00158749,-0.00180324,-0.00203617,-0.00228996,-0.00256953,-0.00288152,-0.00323499,-0.00364247,-0.00412147,-0.00469695,-0.0054051,-0.0062996,-0.00746208,-0.00902066,-0.0111842,-0.0143097,-0.0190462,-0.0266597,-0.0397964,-0.0641485,-0.11082,-0.19211,-0.270855,0,
0,0.262709,0.273343,0.219909,0.165957,0.124601,0.0950476,0.074183,0.0593066,0.0485021,0.0404862,0.0344109,0.0297118,0.0260081,0.0230382,0.0206188,0.018619,0.016944,0.0155236,0.014305,0.0132484,0.0123227,0.0115037,0.0107724,0.0101135,0.00951442,0.00896508,0.008457,0.00798309,0.00753735,0.00711463,0.00671047,0.00632096,0.00594267,0.00557253,0.00520778,0.00484593,0.0044847,0.00412199,0.00375585,0.00338447,0.00300614,0.00261924,0.0022222,0.00181346,0.00139144,0.000954672,0.000502798,3.69568e-05,-0.000438208,-0.000948995,-0.00149411,-0.0020511,-0.00263231,-0.00324329,-0.00388845,-0.00457254,-0.00530134,-0.0060823,-0.00692518,-0.00784287,-0.00885258,-0.00997747,-0.0112491,-0.0127108,-0.0144233,-0.0164723,-0.0189816,-0.0221325,-0.0261962,-0.031588,-0.0389591,-0.0493591,-0.0645202,-0.0873341,-0.122491,-0.176576,-0.254262,-0.340067,-0.343404,0,
0,0.233155,0.294073,0.27635,0.235212,0.193519,0.158214,0.130144,0.108291,0.0913196,0.0780593,0.0675918,0.0592296,0.0524651,0.0469246,0.0423316,0.0384797,0.0352138,0.0324156,0.029994,0.0278783,0.026013,0.0243538,0.0228653,0.0215187,0.0202905,0.019161,0.0181139,0.0171355,0.016214,0.0153391,0.014502,0.013695,0.012911,0.0121439,0.0113881,0.0106385,0.00989047,0.00913961,0.00838191,0.00761361,0.00683111,0.00603102,0.00521002,0.0043649,0.00349245,0.0025896,0.00165375,0.000683488,-0.000315546,-0.00136058,-0.00247633,-0.00364292,-0.00485306,-0.00612587,-0.00747076,-0.00889746,-0.010418,-0.0120477,-0.0138067,-0.0157213,-0.0178266,-0.0201694,-0.0228133,-0.0258457,-0.0293875,-0.0336087,-0.0387508,-0.0451622,-0.0533508,-0.0640659,-0.0784213,-0.0980715,-0.125426,-0.163777,-0.216838,-0.286271,-0.363934,-0.413831,-0.343753,0,
0,0.195929,0.27858,0.291127,0.27076,0.239308,0.207189,0.178365,0.15388,0.133566,0.116853,0.103105,0.091749,0.0823079,0.074397,0.0677122,0.0620145,0.0571161,0.0528686,0.0491546,0.0458804,0.0429707,0.0403646,0.0380123,0.0358728,0.0339121,0.0321016,0.0304171,0.0288381,0.0273468,0.0259276,0.024567,0.023253,0.0219748,0.0207226,0.0194877,0.018262,0.0170379,0.0158085,0.0145673,0.0133081,0.0120251,0.0107127,0.00936535,0.00797777,0.00654466,0.00506086,0.0035214,0.0019221,0.000261238,-0.00145884,-0.00328563,-0.00521387,-0.00721604,-0.00932572,-0.0115562,-0.0139235,-0.0164476,-0.0191539,-0.0220752,-0.0252545,-0.0287483,-0.0326322,-0.0370081,-0.0420144,-0.0478415,-0.0547533,-0.0631181,-0.0734537,-0.086489,-0.103247,-0.12514,-0.15405,-0.192272,-0.242046,-0.304006,-0.37338,-0.432462,-0.439544,-0.322036,0,
0,0.163529,0.251513,0.283183,0.281502,0.263395,0.239089,0.214067,0.190749,0.170038,0.152072,0.136656,0.123477,0.112202,0.102525,0.09418,0.0869418,0.0806242,0.0750736,0.070164,0.0657916,0.0618708,0.0583309,0.0551129,0.0521671,0.049452,0.046932,0.0445765,0.0423593,0.0402575,0.0382507,0.0363211,0.0344526,0.0326307,0.0308424,0.0290754,0.0273187,0.0255619,0.0237953,0.0220097,0.0201962,0.0183467,0.016453,0.0145071,0.0125014,0.0104282,0.00827982,0.00604864,0.00372739,0.00130994,-0.00120519,-0.00385061,-0.00664213,-0.00956927,-0.0126515,-0.0159117,-0.019374,-0.0230676,-0.0270295,-0.0313066,-0.0359604,-0.0410713,-0.0467459,-0.0531266,-0.0604054,-0.0688425,-0.078792,-0.0907366,-0.105333,-0.123462,-0.146283,-0.175248,-0.212006,-0.258029,-0.313636,-0.375919,-0.435046,-0.469042,-0.439714,-0.296365,0,
0,0.137626,0.22334,0.265438,0.277455,0.271588,0.256443,0.237412,0.21766,0.198758,0.181417,0.165866,0.152085,0.13994,0.129251,0.119833,0.111513,0.104133,0.0975579,0.0916691,0.0863666,0.0815649,0.0771911,0.0731833,0.0694883,0.0660603,0.0628597,0.059852,0.057007,0.0542979,0.0517008,0.0491944,0.0467592,0.0443776,0.0420333,0.0397114,0.0373978,0.0350794,0.0327438,0.0303791,0.0279739,0.0255174,0.0229989,0.020408,0.0177343,0.0149675,0.0120972,0.00911294,0.00600427,0.00276079,-0.000627881,-0.00417538,-0.00791409,-0.0118578,-0.0160128,-0.0204111,-0.0250851,-0.0300741,-0.035427,-0.0412061,-0.0474919,-0.0543892,-0.0620356,-0.0706134,-0.0803645,-0.0916112,-0.104783,-0.120445,-0.139338,-0.162396,-0.190745,-0.22561,-0.268039,-0.318274,-0.374536,-0.43099,-0.474963,-0.484343,-0.427817,-0.272333,0,
0,0.117319,0.197775,0.24466,0.265891,0.269773,0.263089,0.250634,0.235549,0.219763,0.204342,0.189834,0.176476,0.164328,0.153352,0.143461,0.134552,0.126515,0.119248,0.112652,0.106644,0.101145,0.0960894,0.0914166,0.0870747,0.0830178,0.0792054,0.0756014,0.0721735,0.0688928,0.0657332,0.0626709,0.0596839,0.0567522,0.053857,0.0509809,0.0481072,0.0452204,0.0423056,0.0393484,0.036335,0.0332519,0.030086,0.0268241,0.0234534,0.0199608,0.016333,0.0125565,0.00861746,0.00450147,0.000193478,-0.00431987,-0.00907212,-0.0140897,-0.0193877,-0.0250013,-0.0309707,-0.0373451,-0.0441857,-0.0515701,-0.0595975,-0.068396,-0.0781322,-0.0890235,-0.101354,-0.115493,-0.131921,-0.151244,-0.174216,-0.201715,-0.234676,-0.273892,-0.319597,-0.37072,-0.423667,-0.470693,-0.498222,-0.486327,-0.410927,-0.251252,0,
0,0.101383,0.175766,0.224144,0.251118,0.262264,0.262687,0.256376,0.246182,0.234076,0.221301,0.208603,0.196408,0.184933,0.174269,0.164429,0.155382,0.147075,0.139444,0.132423,0.125947,0.119955,0.114389,0.109199,0.104336,0.0997572,0.0954245,0.0913021,0.0873578,0.0835622,0.0798879,0.07631,0.072805,0.069351,0.0659274,0.0625149,0.0590947,0.0556492,0.0521612,0.0486142,0.044992,0.0412788,0.0374589,0.0335167,0.0294366,0.0252028,0.0207992,0.0162092,0.0114155,0.00639996,0.00114357,-0.0043733,-0.0101802,-0.0163114,-0.0227976,-0.0296763,-0.0369954,-0.0448135,-0.0532038,-0.0622583,-0.0720934,-0.0828581,-0.0947434,-0.107995,-0.122926,-0.139936,-0.159521,-0.182284,-0.208918,-0.240149,-0.276599,-0.318508,-0.365248,-0.414566,-0.461556,-0.497548,-0.509401,-0.480236,-0.392352,-0.233017,0,
0,0.0887844,0.157229,0.205286,0.23561,0.251931,0.257977,0.256978,0.251397,0.243035,0.233195,0.222718,0.212144,0.201808,0.1919,0.182521,0.173706,0.165459,0.157757,0.150567,0.143848,0.137559,0.131656,0.126098,0.120845,0.115859,0.111107,0.106554,0.10217,0.0979269,0.0937969,0.089755,0.0857768,0.0818396,0.0779215,0.0740016,0.0700598,0.0660765,0.0620327,0.0579099,0.0536899,0.0493545,0.0448859,0.040266,0.0354767,0.0304995,0.0253153,0.0199045,0.0142464,0.00831937,0.00210022,-0.00443675,-0.011319,-0.0185875,-0.0262864,-0.0344573,-0.0431549,-0.0524473,-0.0624184,-0.073173,-0.0848427,-0.0975931,-0.111634,-0.127228,-0.144705,-0.16447,-0.187004,-0.212855,-0.242597,-0.276726,-0.315478,-0.358504,-0.404377,-0.449919,-0.489435,-0.514108,-0.512036,-0.469421,-0.373606,-0.217083,0,
0,0.0787368,0.141756,0.188559,0.220652,0.240527,0.250902,0.254275,0.252755,0.24794,0.241028,0.232916,0.224196,0.215275,0.206419,0.197791,0.189488,0.18156,0.174026,0.166883,0.160117,0.153706,0.147622,0.141836,0.136317,0.131036,0.125963,0.121068,0.116324,0.111704,0.107181,0.102731,0.0983298,0.093954,0.0895812,0.0851893,0.0807571,0.0762637,0.0716885,0.0670113,0.062212,0.0572706,0.0521668,0.0468806,0.0413913,0.0356777,0.0297182,0.02349,0.0169693,0.0101304,0.0029463,-0.00461097,-0.0125727,-0.0209878,-0.0299071,-0.0393774,-0.0494609,-0.0602338,-0.0717897,-0.084244,-0.0977398,-0.112455,-0.128609,-0.146473,-0.166375,-0.188701,-0.213886,-0.242384,-0.274595,-0.310742,-0.350645,-0.393399,-0.436913,-0.477374,-0.508756,-0.522614,-0.508606,-0.455827,-0.355365,-0.202989,0,
0,0.0706572,0.128881,0.174004,0.206852,0.229093,0.2427,0.249609,0.251526,0.249873,0.245737,0.239952,0.233153,0.225778,0.218139,0.210449,0.20285,0.195431,0.188245,0.181321,0.174666,0.168279,0.162148,0.156256,0.150584,0.145108,0.139806,0.134652,0.129623,0.124693,0.11984,0.115038,0.110264,0.105496,0.10071,0.0958835,0.0909951,0.0860227,0.0809442,0.0757381,0.0703826,0.0648559,0.059136,0.0532005,0.0470266,0.0405906,0.0338683,0.0268341,0.0194608,0.0117194,0.0035769,-0.00498825,-0.0140202,-0.0235797,-0.0337118,-0.0444722,-0.0559302,-0.068169,-0.08129,-0.0954164,-0.110699,-0.127321,-0.145504,-0.165516,-0.187665,-0.212297,-0.239771,-0.270413,-0.304421,-0.341719,-0.381729,-0.423058,-0.463117,-0.497733,-0.520906,-0.524898,-0.500936,-0.440613,-0.337818,-0.19034,0,
0,0.0641116,0.118167,0.161468,0.194439,0.218196,0.234173,0.243864,0.248652,0.249734,0.248094,0.244509,0.239586,0.23378,0.227429,0.220778,0.213999,0.207215,0.200506,0.193926,0.187505,0.181258,0.175189,0.169294,0.163562,0.157978,0.152527,0.147188,0.141942,0.136766,0.131638,0.126537,0.121439,0.116322,0.111164,0.105941,0.100631,0.0952115,0.0896591,0.0839513,0.0780648,0.0719764,0.0656622,0.059098,0.0522588,0.0451189,0.0376514,0.029828,0.0216188,0.0129915,0.00390847,-0.00564816,-0.0157347,-0.0264204,-0.0377451,-0.0497726,-0.062578,-0.0762504,-0.0908962,-0.106643,-0.123645,-0.142085,-0.162178,-0.184172,-0.208344,-0.234979,-0.264338,-0.296593,-0.331726,-0.369366,-0.408574,-0.44757,-0.48343,-0.511856,-0.52712,-0.522344,-0.490264,-0.424511,-0.321005,-0.178832,0,
0,0.0587727,0.109237,0.150731,0.18344,0.208113,0.225799,0.237649,0.244777,0.248188,0.248747,0.24716,0.243999,0.239715,0.234652,0.229074,0.223175,0.2171,0.210952,0.204804,0.198704,0.192685,0.186762,0.180943,0.175228,0.16961,0.164077,0.158617,0.153212,0.147845,0.142494,0.137141,0.131763,0.126339,0.120847,0.115263,0.109564,0.103728,0.0977311,0.0915488,0.0851572,0.0785314,0.0716463,0.0644759,0.0569932,0.0491706,0.0409788,0.0323871,0.0233628,0.0138711,0.00387582,-0.0066531,-0.0177749,-0.0295546,-0.042041,-0.055301,-0.0694136,-0.0844714,-0.100584,-0.117879,-0.136509,-0.15665,-0.1785,-0.20228,-0.228216,-0.256518,-0.28733,-0.320663,-0.356277,-0.393532,-0.431184,-0.467166,-0.498377,-0.520573,-0.528434,-0.516023,-0.477458,-0.407956,-0.304906,-0.168242,0,
0,0.0543904,0.101775,0.141554,0.173778,0.19895,0.217842,0.231345,0.240357,0.245718,0.248176,0.248367,0.246818,0.243961,0.24014,0.235623,0.230619,0.225286,0.219744,0.214083,0.208365,0.202634,0.196921,0.191241,0.185603,0.180007,0.174449,0.16892,0.163407,0.157894,0.152366,0.146802,0.141184,0.135489,0.129697,0.123784,0.117728,0.111505,0.10509,0.09846,0.0915884,0.0844498,0.0770175,0.069264,0.0611609,0.0526784,0.0437856,0.0344494,0.0246346,0.014302,0.00342552,-0.00804533,-0.0201758,-0.0330147,-0.0466226,-0.0610697,-0.076437,-0.0928186,-0.110323,-0.129077,-0.149223,-0.170924,-0.194354,-0.219693,-0.247109,-0.27672,-0.308548,-0.342437,-0.377939,-0.414176,-0.449666,-0.482156,-0.508496,-0.524633,-0.525754,-0.506801,-0.463111,-0.39119,-0.289461,-0.158402,0,
0,0.0507709,0.0955156,0.13371,0.165328,0.19071,0.210431,0.225184,0.235695,0.242667,0.246743,0.248488,0.248384,0.246837,0.244181,0.240682,0.236555,0.231967,0.22705,0.221904,0.216603,0.211202,0.205741,0.200245,0.194729,0.189201,0.183662,0.178106,0.172526,0.166908,0.161239,0.155501,0.149675,0.143742,0.137681,0.131469,0.125083,0.118499,0.111693,0.10464,0.0973127,0.0896849,0.0817288,0.0734156,0.0647155,0.0555972,0.0460279,0.0359726,0.0253938,0.0142557,0.00252226,-0.00986268,-0.0229577,-0.0368151,-0.0514981,-0.0670786,-0.0836382,-0.10127,-0.120079,-0.140184,-0.161716,-0.184816,-0.209627,-0.236281,-0.264874,-0.29543,-0.327842,-0.361793,-0.39665,-0.431338,-0.464202,-0.492896,-0.514322,-0.524689,-0.519772,-0.495329,-0.447686,-0.374392,-0.27462,-0.149187,0,
0,0.047762,0.0902423,0.126991,0.157947,0.183342,0.203608,0.219292,0.230984,0.239272,0.244709,0.247794,0.248966,0.248601,0.247016,0.244472,0.241183,0.237321,0.233025,0.228402,0.223535,0.218488,0.213308,0.208026,0.202666,0.197239,0.191752,0.186204,0.180589,0.174898,0.169119,0.163237,0.157233,0.15109,0.144787,0.138302,0.131611,0.124691,0.117518,0.110064,0.102304,0.09421,0.085753,0.0769034,0.0676301,0.0579004,0.0476801,0.0369329,0.0256201,0.0137081,0.00114928,-0.0121134,-0.0261302,-0.0409588,-0.0566634,-0.0733158,-0.0909959,-0.109793,-0.129806,-0.151142,-0.173915,-0.198238,-0.224215,-0.251924,-0.281384,-0.31252,-0.3451,-0.37866,-0.412406,-0.445112,-0.475014,-0.49975,-0.516357,-0.521337,-0.511077,-0.482094,-0.431508,-0.357679,-0.260336,-0.140508,0,
0,0.0452432,0.0857748,0.121216,0.151492,0.176764,0.197365,0.213727,0.226337,0.235689,0.242259,0.246489,0.248774,0.249458,0.248841,0.247178,0.244675,0.241505,0.237811,0.233705,0.229275,0.224592,0.219707,0.214659,0.209476,0.204175,0.198765,0.19325,0.187627,0.181889,0.176026,0.170024,0.163868,0.157539,0.151017,0.144281,0.137309,0.130075,0.122555,0.114724,0.106553,0.0980142,0.0890787,0.0797156,0.0698928,0.0595767,0.0487319,0.0373205,0.0253085,0.0126524,-0.000699419,-0.0147949,-0.0296874,-0.0454352,-0.062102,-0.0797576,-0.0984784,-0.118347,-0.139453,-0.161888,-0.185742,-0.211099,-0.238017,-0.266512,-0.296528,-0.32789,-0.360249,-0.393009,-0.425249,-0.455633,-0.48235,-0.503084,-0.515032,-0.515108,-0.500206,-0.467482,-0.414808,-0.341128,-0.246572,-0.132295,0,
0,0.0431181,0.0819647,0.116226,0.145827,0.170885,0.19166,0.208503,0.221816,0.232018,0.239522,0.244718,0.247961,0.249569,0.249818,0.248952,0.247175,0.244654,0.241533,0.237925,0.233925,0.229604,0.225021,0.220218,0.215226,0.210066,0.204752,0.199289,0.193678,0.187913,0.181987,0.175887,0.169598,0.163104,0.156384,0.149418,0.142183,0.134656,0.126811,0.118621,0.11006,0.101098,0.0917063,0.0818526,0.0715044,0.0606273,0.0491851,0.0371427,0.0244603,0.0110914,-0.00301029,-0.0178937,-0.033612,-0.0502223,-0.0677863,-0.08637,-0.106044,-0.126882,-0.148959,-0.17235,-0.197118,-0.223309,-0.250934,-0.279948,-0.310214,-0.341464,-0.373243,-0.404847,-0.435254,-0.463066,-0.486471,-0.503237,-0.51078,-0.50643,-0.487548,-0.451838,-0.397786,-0.324803,-0.233301,-0.124499,0,
0,0.0413091,0.0786891,0.111884,0.140828,0.16561,0.186439,0.203604,0.217444,0.228318,0.236583,0.242586,0.246646,0.249055,0.250072,0.249923,0.248805,0.246884,0.244299,0.241165,0.237578,0.233612,0.229328,0.224772,0.219978,0.214969,0.209763,0.204366,0.198782,0.193007,0.187034,0.180853,0.174449,0.167807,0.160907,0.153729,0.146251,0.138448,0.130296,0.121768,0.112837,0.103473,0.0936459,0.0833244,0.0724752,0.0610632,0.0490541,0.0364098,0.0230881,0.00904578,-0.00576292,-0.0213866,-0.0378767,-0.0552882,-0.0736788,-0.0931091,-0.113641,-0.135338,-0.158259,-0.182454,-0.207959,-0.23478,-0.262878,-0.292143,-0.322364,-0.353187,-0.384066,-0.414208,-0.442525,-0.467592,-0.487639,-0.500543,-0.503995,-0.495702,-0.47344,-0.435418,-0.380598,-0.308755,-0.220501,-0.11708,0,
0,0.0397532,0.0758461,0.108074,0.136383,0.160846,0.181638,0.199002,0.213225,0.224618,0.233495,0.240165,0.244915,0.248014,0.2497,0.250189,0.249666,0.248292,0.246202,0.243512,0.240316,0.236691,0.232699,0.228387,0.223792,0.218939,0.213848,0.208527,0.20298,0.197207,0.191201,0.184953,0.178449,0.171674,0.16461,0.157237,0.149531,0.141471,0.13303,0.124183,0.1149,0.105154,0.0949144,0.0841484,0.072823,0.0609047,0.0483572,0.0351414,0.0212172,0.00654224,-0.00892826,-0.0252411,-0.0424453,-0.0605919,-0.0797334,-0.099923,-0.121213,-0.143651,-0.167279,-0.192121,-0.218182,-0.245426,-0.273762,-0.30302,-0.332919,-0.363027,-0.392724,-0.421152,-0.447186,-0.469411,-0.486096,-0.495316,-0.495052,-0.483272,-0.458175,-0.418433,-0.363365,-0.293024,-0.208158,-0.110013,0,
0,0.0383995,0.0733516,0.104696,0.132394,0.156511,0.177195,0.194656,0.209143,0.220929,0.230291,0.237504,0.242831,0.246517,0.248783,0.249831,0.249839,0.248959,0.247322,0.245043,0.242213,0.238911,0.235198,0.231123,0.226724,0.222028,0.217055,0.211815,0.206314,0.200552,0.194523,0.18822,0.181628,0.174734,0.16752,0.159966,0.152049,0.143747,0.135035,0.125886,0.116272,0.106165,0.0955341,0.0843475,0.0725727,0.0601754,0.0471193,0.0333669,0.0188788,0.00361406,-0.0124701,-0.0294177,-0.0472741,-0.0660853,-0.085897,-0.106753,-0.128694,-0.151751,-0.175944,-0.201272,-0.227705,-0.255164,-0.283511,-0.312516,-0.341834,-0.370971,-0.399245,-0.42576,-0.449379,-0.4687,-0.482114,-0.487879,-0.484226,-0.46943,-0.442028,-0.401077,-0.346196,-0.277647,-0.196264,-0.103274,0,
0,0.037206,0.0711355,0.101667,0.128776,0.152525,0.173047,0.190525,0.205179,0.21725,0.226986,0.234636,0.240439,0.244618,0.247382,0.248918,0.249391,0.248953,0.247728,0.245824,0.243334,0.240333,0.236884,0.233036,0.228827,0.224285,0.21943,0.214274,0.208824,0.203079,0.197036,0.190686,0.184018,0.177017,0.169665,0.161944,0.153831,0.145303,0.136336,0.126904,0.116978,0.106531,0.0955316,0.0839492,0.0717515,0.0589045,0.0453729,0.0311204,0.0161091,0.000300269,-0.0163461,-0.0338704,-0.0523132,-0.0717141,-0.0921104,-0.113535,-0.136015,-0.159563,-0.184176,-0.209827,-0.236447,-0.26392,-0.292058,-0.320579,-0.349083,-0.377023,-0.403678,-0.42813,-0.44924,-0.465672,-0.475956,-0.478517,-0.471819,-0.454431,-0.425209,-0.383505,-0.329181,-0.262654,-0.184813,-0.0968472,0,
0,0.0361387,0.0691398,0.0989144,0.125454,0.148821,0.169137,0.186565,0.201305,0.213571,0.223588,0.231581,0.237769,0.24236,0.245544,0.2475,0.248383,0.248335,0.247477,0.245914,0.243735,0.241013,0.237811,0.234177,0.230149,0.225755,0.221017,0.215945,0.210548,0.204825,0.198774,0.192386,0.185651,0.178552,0.171075,0.1632,0.154904,0.146166,0.136962,0.127264,0.117046,0.10628,0.0949364,0.0829842,0.0703918,0.0571264,0.0431541,0.0284402,0.0129491,-0.00335529,-0.0205093,-0.0385486,-0.0575079,-0.0774192,-0.0983102,-0.120202,-0.143104,-0.167012,-0.191899,-0.217707,-0.244335,-0.271626,-0.299347,-0.327172,-0.354655,-0.381209,-0.406089,-0.428366,-0.44693,-0.460544,-0.467862,-0.467492,-0.458097,-0.438516,-0.407908,-0.365851,-0.312398,-0.248075,-0.1738,-0.0907203,0,
0,0.0351694,0.0673161,0.0963796,0.122366,0.145338,0.165412,0.182737,0.197494,0.209878,0.220095,0.22835,0.234845,0.239772,0.243309,0.245621,0.246858,0.247152,0.246621,0.245364,0.243466,0.241001,0.238027,0.234593,0.230735,0.226483,0.221857,0.216868,0.211525,0.205828,0.199773,0.193353,0.186558,0.179373,0.171781,0.163763,0.1553,0.146367,0.136941,0.126997,0.116507,0.105445,0.0937812,0.0814861,0.0685289,0.0548784,0.0405024,0.0253684,0.00944346,-0.00730485,-0.0249084,-0.0433975,-0.0627997,-0.0831384,-0.10443,-0.126683,-0.149889,-0.174024,-0.199037,-0.22484,-0.251301,-0.278223,-0.305337,-0.332275,-0.358557,-0.383571,-0.406556,-0.426587,-0.442627,-0.453532,-0.458059,-0.455024,-0.443292,-0.421913,-0.390302,-0.348236,-0.295912,-0.233934,-0.163224,-0.0848826,0,
0,0.034275,0.0656243,0.0940118,0.119456,0.142024,0.161826,0.179002,0.193719,0.206157,0.216504,0.22495,0.231682,0.236878,0.240705,0.243319,0.244858,0.24545,0.245205,0.244219,0.242575,0.240341,0.237576,0.234327,0.230629,0.22651,0.22199,0.217082,0.211792,0.206121,0.200067,0.193621,0.186773,0.17951,0.171814,0.163666,0.155048,0.145935,0.136306,0.126134,0.115394,0.104059,0.0921008,0.0794913,0.0662012,0.0522009,0.0374604,0.0219499,0.00564007,-0.0114975,-0.0294893,-0.0483594,-0.0681274,-0.0888068,-0.110402,-0.132907,-0.156297,-0.180526,-0.205519,-0.23116,-0.257285,-0.283666,-0.309998,-0.335882,-0.360813,-0.384165,-0.405162,-0.422934,-0.436517,-0.444833,-0.446788,-0.441359,-0.427608,-0.4048,-0.372538,-0.330761,-0.279782,-0.220251,-0.153083,-0.0793254,0,
0,0.0334365,0.0640314,0.0917688,0.116679,0.138833,0.158338,0.175327,0.189955,0.20239,0.212807,0.221384,0.228292,0.233698,0.23776,0.240622,0.242417,0.243264,0.243268,0.242521,0.241102,0.239077,0.236502,0.233421,0.22987,0.225875,0.221456,0.216624,0.211386,0.205743,0.199691,0.193224,0.18633,0.178996,0.171206,0.162941,0.154181,0.144905,0.135089,0.124709,0.113741,0.102157,0.0899322,0.0770387,0.0634492,0.0491364,0.034073,0.0182324,0.00158936,-0.0158797,-0.0341955,-0.0533747,-0.0734282,-0.0943589,-0.116159,-0.138806,-0.162259,-0.18645,-0.21128,-0.236607,-0.26224,-0.28792,-0.313315,-0.338004,-0.361465,-0.383048,-0.402021,-0.417571,-0.428766,-0.434644,-0.434257,-0.426712,-0.41125,-0.387345,-0.354744,-0.313517,-0.264056,-0.207045,-0.143375,-0.074041,0,
0,0.0326384,0.0625097,0.0896155,0.113996,0.135727,0.154912,0.17168,0.186178,0.198563,0.208999,0.217652,0.224682,0.230247,0.234493,0.237557,0.239564,0.240627,0.240845,0.240307,0.239087,0.237248,0.234843,0.231915,0.228497,0.224617,0.220291,0.21553,0.210342,0.204727,0.19868,0.192196,0.185262,0.177866,0.169991,0.161621,0.152733,0.143309,0.133325,0.122758,0.111584,0.099778,0.0873147,0.0741691,0.0603157,0.0457299,0.0303875,0.0142657,-0.0026563,-0.0203965,-0.0389691,-0.0583828,-0.0786391,-0.0997297,-0.121633,-0.144313,-0.167708,-0.191731,-0.216262,-0.241134,-0.266128,-0.290965,-0.31529,-0.338668,-0.360547,-0.380313,-0.397277,-0.410639,-0.419555,-0.423158,-0.420651,-0.411276,-0.394412,-0.369706,-0.337038,-0.296579,-0.248778,-0.194329,-0.134097,-0.0690221,0,
0,0.0318677,0.0610365,0.0875226,0.111375,0.132672,0.151518,0.168037,0.182369,0.194663,0.205073,0.213755,0.22086,0.226537,0.230923,0.234147,0.236328,0.237571,0.237971,0.237612,0.236565,0.234889,0.232636,0.229845,0.226549,0.222773,0.218532,0.213839,0.208698,0.20311,0.19707,0.190572,0.183604,0.176154,0.168205,0.15974,0.15074,0.141185,0.131051,0.120319,0.108963,0.0969609,0.0842895,0.0709252,0.0568454,0.0420281,0.0264528,0.010101,-0.00704319,-0.0249917,-0.0437516,-0.0633231,-0.0836976,-0.104855,-0.126762,-0.149364,-0.172584,-0.196316,-0.220417,-0.244701,-0.268927,-0.292797,-0.315942,-0.337895,-0.358136,-0.376082,-0.391045,-0.402291,-0.409057,-0.410581,-0.406176,-0.395222,-0.377245,-0.352014,-0.319522,-0.280014,-0.233981,-0.182114,-0.125246,-0.064262,0,
0,0.0311141,0.0595935,0.0854661,0.108788,0.129642,0.14813,0.164375,0.17851,0.190677,0.201022,0.209693,0.216833,0.22258,0.227066,0.230413,0.232731,0.234122,0.234675,0.234468,0.23357,0.232037,0.229917,0.227248,0.224062,0.220379,0.216217,0.211586,0.206489,0.200927,0.194896,0.188388,0.181393,0.173896,0.165883,0.157337,0.148239,0.138568,0.128306,0.117429,0.105917,0.0937474,0.0808994,0.0673518,0.0530846,0.0380793,0.0223193,0.00579064,-0.0115169,-0.0296089,-0.0484847,-0.0681358,-0.0885434,-0.109676,-0.131485,-0.153902,-0.176834,-0.200157,-0.223708,-0.247284,-0.270627,-0.293425,-0.315279,-0.335748,-0.354336,-0.370453,-0.38346,-0.392685,-0.397444,-0.397088,-0.391013,-0.378725,-0.359897,-0.334388,-0.302281,-0.263878,-0.219693,-0.170408,-0.116818,-0.0597537,0,
0,0.0303691,0.0581654,0.0834263,0.106214,0.126614,0.144729,0.160677,0.174587,0.186596,0.196843,0.205467,0.212605,0.218388,0.222939,0.226374,0.228799,0.230307,0.230985,0.230907,0.230135,0.228725,0.226721,0.224161,0.221071,0.217473,0.213382,0.208808,0.203753,0.198217,0.192196,0.185682,0.178664,0.171129,0.163063,0.154448,0.145266,0.135499,0.125127,0.11413,0.102488,0.0901806,0.0771889,0.0634947,0.049081,0.0339328,0.0180379,0.00138746,-0.016023,-0.0341922,-0.0531116,-0.0727635,-0.0931186,-0.114134,-0.135747,-0.157877,-0.180414,-0.203216,-0.226108,-0.248869,-0.271231,-0.292852,-0.313356,-0.332318,-0.349231,-0.363544,-0.374664,-0.38198,-0.384884,-0.382834,-0.375326,-0.361952,-0.342505,-0.316935,-0.285392,-0.248218,-0.205938,-0.159216,-0.108807,-0.0554903,0,
0,0.029626,0.0567401,0.0813875,0.103635,0.123571,0.141296,0.156927,0.170589,0.182413,0.192533,0.20108,0.208184,0.213971,0.218556,0.22205,0.224552,0.226152,0.22693,0.226956,0.226291,0.224986,0.223083,0.220616,0.217612,0.21409,0.210064,0.205541,0.200525,0.195015,0.189006,0.18249,0.175456,0.167892,0.159783,0.151112,0.141864,0.132018,0.121558,0.110465,0.0987196,0.0863049,0.0732039,0.0594011,0.044883,0.0296386,0.0136601,-0.00305588,-0.0205077,-0.038687,-0.0575772,-0.0771513,-0.0973699,-0.118178,-0.139502,-0.161246,-0.183286,-0.205469,-0.227603,-0.249459,-0.27074,-0.291124,-0.310248,-0.327674,-0.342923,-0.355477,-0.364796,-0.370331,-0.371554,-0.368,-0.359259,-0.34503,-0.325183,-0.299746,-0.268919,-0.233072,-0.192732,-0.148538,-0.101206,-0.0514647,0,
0,0.0288794,0.0553081,0.0793372,0.101038,0.120497,0.137819,0.153116,0.166509,0.178125,0.188091,0.196534,0.203577,0.20934,0.213932,0.217458,0.220012,0.221679,0.222535,0.222646,0.222069,0.220852,0.219035,0.21665,0.213721,0.210266,0.206298,0.201823,0.196844,0.19136,0.185365,0.178851,0.171808,0.164224,0.156083,0.147371,0.138071,0.128167,0.117641,0.106476,0.0946563,0.082166,0.068991,0.0551188,0.0405397,0.0252467,0.00923692,-0.00748756,-0.0249187,-0.043041,-0.0618296,-0.0812486,-0.101249,-0.121764,-0.142708,-0.163974,-0.185426,-0.206898,-0.228191,-0.249048,-0.269191,-0.288306,-0.306016,-0.321905,-0.33552,-0.346382,-0.354001,-0.35789,-0.357604,-0.352736,-0.342963,-0.328086,-0.308037,-0.2829,-0.252915,-0.218471,-0.180086,-0.138374,-0.0940078,-0.0476695,0,
0,0.0281252,0.053862,0.0772658,0.0984101,0.117384,0.134288,0.149234,0.16234,0.173727,0.183518,0.191833,0.198792,0.204506,0.209082,0.212616,0.2152,0.216912,0.217826,0.218003,0.217498,0.216355,0.21461,0.212295,0.209432,0.206037,0.202121,0.197691,0.192748,0.18729,0.181312,0.174805,0.16776,0.160165,0.152004,0.143265,0.133932,0.123988,0.113419,0.102209,0.0903436,0.0778103,0.0645975,0.0506961,0.0361,0.0208067,0.00481842,-0.0118573,-0.0292058,-0.0472046,-0.0658207,-0.0850094,-0.104712,-0.124852,-0.145333,-0.166037,-0.186818,-0.207502,-0.227867,-0.24767,-0.26664,-0.28445,-0.300738,-0.315109,-0.327139,-0.336391,-0.342422,-0.344803,-0.343169,-0.337181,-0.326576,-0.311237,-0.291156,-0.266464,-0.237426,-0.204438,-0.168007,-0.128718,-0.0872025,-0.0440969,0,
0,0.0273604,0.0523964,0.0751663,0.0957451,0.114222,0.130696,0.145277,0.158079,0.16922,0.178816,0.186985,0.193838,0.199483,0.20402,0.207543,0.210136,0.211876,0.21283,0.213057,0.212608,0.211524,0.209841,0.207586,0.20478,0.201438,0.19757,0.193182,0.188274,0.182843,0.176885,0.170392,0.163353,0.155756,0.147589,0.138838,0.129488,0.119526,0.108937,0.0977081,0.0858275,0.0732844,0.0600707,0.0461807,0.0316122,0.0163673,0.000453132,-0.0161169,-0.0333219,-0.051132,-0.0695068,-0.0883932,-0.107723,-0.127412,-0.147353,-0.16742,-0.187458,-0.207275,-0.226658,-0.245372,-0.263133,-0.279625,-0.294501,-0.307389,-0.317898,-0.325631,-0.330195,-0.331223,-0.328401,-0.321459,-0.310206,-0.294579,-0.274621,-0.250494,-0.222485,-0.19099,-0.156498,-0.119564,-0.0807801,-0.0407391,0,
0,0.0265828,0.0509074,0.0730337,0.0930373,0.111006,0.12704,0.141243,0.153727,0.164605,0.173991,0.181995,0.188724,0.194282,0.198763,0.202257,0.204842,0.206593,0.207571,0.207834,0.207427,0.206392,0.204759,0.202555,0.1998,0.196505,0.192682,0.188333,0.18346,0.178059,0.172125,0.165651,0.158626,0.151039,0.142878,0.134131,0.124784,0.114824,0.10424,0.0930196,0.0811539,0.0686349,0.0554575,0.0416198,0.0271234,0.0119752,-0.00381273,-0.0202212,-0.0372232,-0.054782,-0.0728498,-0.0913657,-0.110254,-0.12942,-0.148753,-0.168116,-0.187342,-0.20624,-0.224607,-0.242196,-0.258732,-0.273908,-0.287398,-0.298854,-0.307918,-0.314233,-0.317455,-0.317277,-0.313426,-0.305693,-0.293959,-0.278199,-0.258495,-0.235037,-0.20812,-0.178137,-0.145556,-0.110903,-0.0747293,-0.0375878,0,
0,0.0257911,0.0493926,0.0708651,0.0902836,0.107735,0.123317,0.137131,0.149284,0.159887,0.169047,0.176872,0.183463,0.188917,0.193327,0.196776,0.199339,0.201085,0.202075,0.20236,0.201985,0.200988,0.199397,0.197237,0.194525,0.191274,0.187492,0.183182,0.178344,0.172976,0.167072,0.160624,0.153622,0.146057,0.137916,0.129189,0.119863,0.109928,0.0993725,0.0881885,0.0763685,0.0639076,0.0508038,0.037059,0.0226789,0.0076749,-0.00793583,-0.0241287,-0.0408705,-0.0581181,-0.075817,-0.0938992,-0.112282,-0.130864,-0.149527,-0.168125,-0.186485,-0.204431,-0.22175,-0.238197,-0.253505,-0.267384,-0.279527,-0.289613,-0.297317,-0.302322,-0.304326,-0.303081,-0.298362,-0.289998,-0.27793,-0.262172,-0.242836,-0.220129,-0.194351,-0.165884,-0.135177,-0.102723,-0.0690382,-0.0346348,0,
0,0.0249846,0.047851,0.0686591,0.087483,0.104408,0.119528,0.132942,0.144755,0.155071,0.163994,0.171626,0.178065,0.183403,0.187728,0.191118,0.193647,0.195377,0.196366,0.196663,0.19631,0.195341,0.193785,0.191662,0.188989,0.185779,0.182036,0.177766,0.172966,0.167634,0.161765,0.15535,0.148382,0.14085,0.132744,0.124054,0.114769,0.10488,0.0943794,0.0832594,0.0715159,0.059147,0.0461539,0.0325421,0.0183216,0.00350803,-0.0118763,-0.0278016,-0.0442291,-0.0611096,-0.0783823,-0.0959731,-0.113793,-0.131735,-0.149675,-0.167456,-0.184918,-0.201885,-0.218135,-0.233435,-0.247528,-0.260141,-0.270988,-0.279775,-0.286211,-0.290018,-0.290936,-0.288759,-0.283307,-0.274461,-0.262196,-0.24656,-0.227688,-0.205797,-0.181189,-0.154232,-0.125353,-0.0950131,-0.0636938,-0.0318715,0,
0,0.0241633,0.0462824,0.0664159,0.084636,0.101025,0.115675,0.128681,0.140143,0.150162,0.158838,0.166267,0.172543,0.177754,0.181983,0.185304,0.187786,0.18949,0.190469,0.190769,0.190429,0.189482,0.187954,0.185864,0.183227,0.180054,0.176351,0.172121,0.167362,0.162071,0.156243,0.14987,0.142946,0.13546,0.127404,0.118769,0.109545,0.0997254,0.0893038,0.0782758,0.0666395,0.0543959,0.0415499,0.0281103,0.0140912,-0.000487346,-0.0155985,-0.0312072,-0.0472697,-0.0637312,-0.0805257,-0.0975736,-0.114781,-0.132038,-0.149202,-0.166134,-0.18268,-0.198644,-0.213819,-0.22798,-0.240882,-0.25227,-0.261881,-0.269449,-0.274714,-0.277433,-0.277395,-0.274416,-0.268363,-0.259166,-0.246826,-0.231416,-0.213086,-0.192063,-0.168641,-0.143177,-0.116071,-0.0877578,-0.0586829,-0.0292894,0,
0,0.0233275,0.0446876,0.0641368,0.0817445,0.0975905,0.111762,0.124353,0.135456,0.145171,0.15359,0.160807,0.166911,0.171986,0.176109,0.179352,0.181779,0.183448,0.184408,0.184703,0.184371,0.18344,0.181934,0.179874,0.177271,0.174135,0.170472,0.166283,0.161568,0.156324,0.150545,0.144224,0.137355,0.129929,0.121938,0.113375,0.104233,0.0945048,0.0841876,0.0732792,0.0617803,0.0496951,0.0370314,0.0238018,0.0100243,-0.00427705,-0.0190708,-0.0343175,-0.0499684,-0.0659641,-0.082234,-0.0986943,-0.115248,-0.131769,-0.148131,-0.164198,-0.179802,-0.194758,-0.208863,-0.221903,-0.233649,-0.243864,-0.252307,-0.258739,-0.262931,-0.264673,-0.263794,-0.260145,-0.253619,-0.244188,-0.231877,-0.21678,-0.199057,-0.178938,-0.156709,-0.13271,-0.107319,-0.0809418,-0.0539916,-0.0268798,0,
0,0.0224782,0.0430684,0.0618242,0.0788118,0.0941076,0.107795,0.119963,0.130702,0.140104,0.148261,0.155259,0.161184,0.166114,0.170124,0.173281,0.175645,0.177272,0.178207,0.178492,0.178161,0.177242,0.175756,0.173722,0.171152,0.168054,0.164432,0.160289,0.155623,0.150431,0.144709,0.13845,0.131648,0.124295,0.116386,0.107913,0.0988722,0.0892587,0.0790709,0.0683093,0.0569774,0.0450822,0.0326348,0.0196513,0.00615323,-0.00783125,-0.0222668,-0.0371097,-0.0523071,-0.0677955,-0.0835003,-0.0993353,-0.115193,-0.130954,-0.146496,-0.161678,-0.176332,-0.190281,-0.203332,-0.21528,-0.225914,-0.235014,-0.242361,-0.247745,-0.250964,-0.25184,-0.250233,-0.246026,-0.239145,-0.229586,-0.217397,-0.202686,-0.185621,-0.166429,-0.145388,-0.12282,-0.099082,-0.0745487,-0.0496057,-0.024634,0,
0,0.0216165,0.041427,0.0594814,0.0758422,0.0905818,0.10378,0.11552,0.125889,0.134974,0.142862,0.149636,0.155375,0.160155,0.164045,0.16711,0.169406,0.170985,0.17189,0.17216,0.171827,0.170916,0.169449,0.16744,0.164902,0.161843,0.158265,0.154171,0.14956,0.144428,0.138771,0.132584,0.125862,0.118597,0.110785,0.102422,0.0935021,0.0840253,0.0739912,0.063403,0.0522665,0.0405918,0.0283931,0.0156896,0.00250646,-0.0111247,-0.0251648,-0.0395665,-0.0542733,-0.0692185,-0.0843244,-0.0995011,-0.114634,-0.129615,-0.144325,-0.158613,-0.172319,-0.185274,-0.197294,-0.208188,-0.217759,-0.225808,-0.232137,-0.23656,-0.238904,-0.239023,-0.236795,-0.232134,-0.225002,-0.21541,-0.203422,-0.189158,-0.172789,-0.154537,-0.134671,-0.113495,-0.0913417,-0.0685615,-0.045511,-0.0225436,0,
0,0.0207441,0.0397663,0.0571125,0.0728409,0.0870197,0.0997236,0.111032,0.121027,0.129792,0.137406,0.14395,0.1495,0.154125,0.157891,0.160859,0.163082,0.164609,0.16548,0.165732,0.165394,0.16449,0.163039,0.161056,0.158552,0.155533,0.152003,0.147963,0.143412,0.138348,0.132767,0.126663,0.120033,0.112871,0.105173,0.096936,0.0881584,0.0788401,0.0689836,0.0585942,0.0476805,0.0362552,0.0243355,0.0119436,-0.000892202,-0.0141369,-0.0277483,-0.0416759,-0.0558602,-0.0702321,-0.0847129,-0.0991993,-0.113592,-0.127788,-0.141654,-0.155047,-0.167817,-0.179798,-0.19082,-0.200703,-0.209268,-0.216332,-0.221722,-0.225272,-0.226836,-0.226296,-0.223551,-0.218538,-0.211245,-0.201701,-0.189981,-0.176212,-0.160565,-0.143258,-0.124546,-0.104717,-0.0840803,-0.0629622,-0.041693,-0.0206,0,
0,0.0198628,0.0380897,0.0547222,0.069814,0.0834282,0.095635,0.106509,0.116127,0.124567,0.131906,0.138218,0.143573,0.14804,0.151679,0.154546,0.156694,0.158165,0.159,0.159231,0.158886,0.157988,0.156554,0.154598,0.152129,0.149154,0.145676,0.141696,0.137214,0.132226,0.126729,0.12072,0.114195,0.10715,0.0995825,0.0914906,0.0828745,0.0737361,0.0640799,0.0539137,0.0432486,0.0320997,0.0204869,0.0084355,-0.0040235,-0.0168523,-0.0300059,-0.0434312,-0.0570664,-0.0708409,-0.0846693,-0.0984531,-0.112099,-0.125499,-0.138521,-0.15103,-0.16288,-0.173916,-0.183977,-0.1929,-0.200517,-0.206668,-0.211197,-0.213962,-0.214837,-0.21373,-0.210563,-0.20529,-0.197918,-0.188491,-0.177094,-0.163857,-0.14895,-0.132584,-0.114999,-0.0964678,-0.0772783,-0.0577328,-0.0381373,-0.018795,0,
0,0.0189745,0.036401,0.0523158,0.0667678,0.0798152,0.0915229,0.101961,0.1112,0.119314,0.126375,0.132451,0.137611,0.141917,0.145426,0.148191,0.15026,0.151674,0.152471,0.152681,0.152329,0.151437,0.150021,0.148093,0.145663,0.142736,0.139315,0.135401,0.130993,0.12609,0.120689,0.114787,0.10838,0.101467,0.0940457,0.0861165,0.0776808,0.0687427,0.0593087,0.0493887,0.0389961,0.0281485,0.0168684,0.00518343,-0.00687278,-0.01926,-0.031931,-0.0448306,-0.0578956,-0.0710537,-0.0842118,-0.0972846,-0.110182,-0.122785,-0.134972,-0.146612,-0.157566,-0.167691,-0.176836,-0.18485,-0.191583,-0.196891,-0.200638,-0.202701,-0.202979,-0.201391,-0.197882,-0.19243,-0.185052,-0.175803,-0.164774,-0.152097,-0.137939,-0.122502,-0.106014,-0.0887286,-0.0709158,-0.0528551,-0.0348298,-0.0171204,0,
0,0.0180815,0.034704,0.0498989,0.0637096,0.076189,0.0873967,0.0973971,0.106257,0.114044,0.120826,0.126667,0.131629,0.135772,0.13915,0.141811,0.1438,0.145157,0.145915,0.146102,0.145744,0.144859,0.143463,0.141566,0.139178,0.136304,0.132945,0.129104,0.12478,0.119972,0.114676,0.108892,0.102617,0.0958502,0.0885912,0.0808416,0.0726047,0.0638863,0.054695,0.0450425,0.0349446,0.0244211,0.0134965,0.00220093,-0.00942996,-0.0213539,-0.0335219,-0.0458773,-0.0583567,-0.0708795,-0.0833626,-0.0957261,-0.107871,-0.119684,-0.13105,-0.141843,-0.151933,-0.161185,-0.16946,-0.176622,-0.182535,-0.187071,-0.190112,-0.191554,-0.191315,-0.189329,-0.185557,-0.179997,-0.172675,-0.163653,-0.153028,-0.14093,-0.127523,-0.112997,-0.0975703,-0.0814784,-0.0649723,-0.0483109,-0.0317564,-0.0155683,0,
0,0.017186,0.0330033,0.0474775,0.0606466,0.0725581,0.0832662,0.0928298,0.10131,0.108771,0.115273,0.120877,0.125642,0.129622,0.132867,0.135424,0.137334,0.138632,0.139351,0.139518,0.139154,0.138278,0.136904,0.135042,0.1327,0.129883,0.126594,0.122833,0.118601,0.113896,0.108717,0.103063,0.0969327,0.0903262,0.0832446,0.075691,0.0676702,0.0591898,0.0502601,0.0408949,0.0311118,0.0209325,0.0103837,-0.000502766,-0.0116893,-0.0231323,-0.0347812,-0.0465786,-0.058459,-0.0703401,-0.0821478,-0.0938026,-0.105201,-0.116238,-0.126802,-0.136775,-0.146035,-0.154457,-0.161914,-0.168281,-0.173438,-0.177272,-0.179681,-0.180576,-0.179896,-0.177588,-0.173625,-0.168018,-0.160804,-0.152051,-0.141857,-0.13035,-0.117688,-0.104053,-0.0896487,-0.0746958,-0.0594269,-0.0440821,-0.0289034,-0.0141312,0,
0,0.0162906,0.0313031,0.0450576,0.0575866,0.0689317,0.0791415,0.0882694,0.0963718,0.103506,0.10973,0.115098,0.119666,0.123483,0.126596,0.129048,0.130878,0.132119,0.1328,0.132947,0.13258,0.131715,0.130366,0.128542,0.126251,0.123497,0.120283,0.11661,0.112478,0.107887,0.102835,0.0973232,0.0913504,0.084918,0.0780286,0.0706864,0.062898,0.0546725,0.0460219,0.0369617,0.0275112,0.0176939,0.00753819,-0.00292257,-0.0136494,-0.0245974,-0.0357154,-0.0469467,-0.0582172,-0.0694565,-0.0805956,-0.0915452,-0.10221,-0.112488,-0.122275,-0.13146,-0.139928,-0.147565,-0.154255,-0.159885,-0.16435,-0.167549,-0.169397,-0.16982,-0.168767,-0.166202,-0.162111,-0.156513,-0.149453,-0.141001,-0.131257,-0.120346,-0.10842,-0.0956496,-0.0822275,-0.0683587,-0.0542591,-0.0401507,-0.0262575,-0.0128014,0,
0,0.0153976,0.029608,0.0426457,0.0545373,0.0653186,0.0750327,0.0837274,0.0914535,0.0982634,0.10421,0.109344,0.113715,0.11737,0.120352,0.1227,0.124451,0.125635,0.12628,0.126409,0.12604,0.125189,0.123869,0.122088,0.119853,0.117168,0.114036,0.110459,0.106436,0.101967,0.0970534,0.0916943,0.0858911,0.0796459,0.0729625,0.0658463,0.0583054,0.0503502,0.0419944,0.0332549,0.0241526,0.0147126,0.00496436,-0.00505732,-0.0153125,-0.0257556,-0.0363349,-0.0469919,-0.057654,-0.0682567,-0.0787309,-0.0889866,-0.0989335,-0.108476,-0.117515,-0.125945,-0.133663,-0.140562,-0.146538,-0.15149,-0.155324,-0.157954,-0.159307,-0.159325,-0.157965,-0.155201,-0.151037,-0.145496,-0.138626,-0.130501,-0.12122,-0.110905,-0.0996995,-0.0877664,-0.0752844,-0.0624449,-0.0494482,-0.0364995,-0.0238057,-0.0115721,0,
0,0.0145095,0.0279226,0.0402481,0.0515065,0.0617282,0.0709501,0.0792147,0.0865674,0.0930555,0.0987266,0.103628,0.107804,0.111298,0.11415,0.116396,0.118069,0.119199,0.119809,0.119921,0.119554,0.118721,0.117433,0.115699,0.113525,0.110915,0.107872,0.104398,0.100492,0.0961559,0.0913898,0.0861949,0.0805729,0.0745273,0.0680626,0.0611859,0.0539061,0.0462352,0.0381881,0.0297831,0.0210423,0.011992,0.00266291,-0.00690944,-0.0166844,-0.0266161,-0.0366541,-0.0467321,-0.0567894,-0.0667663,-0.0765841,-0.086161,-0.0954109,-0.104243,-0.112565,-0.120279,-0.127289,-0.133498,-0.138813,-0.143143,-0.146407,-0.148529,-0.14945,-0.149123,-0.147515,-0.14461,-0.14042,-0.134974,-0.128324,-0.120546,-0.111736,-0.102011,-0.0915085,-0.0803813,-0.0687967,-0.0569325,-0.0449741,-0.0331114,-0.0215356,-0.0104364,0,
0,0.0136289,0.0262516,0.0378711,0.0485023,0.0581694,0.0669039,0.0747426,0.0817255,0.0878948,0.0932933,0.0979636,0.101947,0.105282,0.108006,0.110151,0.111748,0.112824,0.113402,0.113501,0.113138,0.112325,0.111074,0.109392,0.107285,0.104756,0.101809,0.0984446,0.0946646,0.0904698,0.0858612,0.0808406,0.075411,0.0695763,0.0633424,0.0567171,0.0497108,0.0423365,0.0346101,0.0265512,0.0181829,0.00953235,0.00063112,-0.00848472,-0.0177743,-0.0271916,-0.0366848,-0.0461901,-0.0556516,-0.0650093,-0.0741855,-0.0831026,-0.0916791,-0.0998303,-0.107469,-0.114505,-0.120851,-0.126419,-0.131125,-0.134889,-0.137639,-0.139313,-0.139858,-0.139242,-0.13744,-0.134442,-0.130267,-0.12495,-0.118545,-0.111126,-0.102789,-0.0936458,-0.0838254,-0.0734721,-0.0627416,-0.0517994,-0.040817,-0.0299702,-0.0194353,-0.00938787,0,
0,0.0127581,0.0245994,0.0355211,0.0455323,0.0546514,0.0629042,0.0703219,0.0769393,0.0827936,0.0879229,0.0923652,0.0961578,0.0993361,0.101933,0.10398,0.105503,0.106528,0.107076,0.107164,0.106808,0.10602,0.104809,0.103183,0.101148,0.0987061,0.0958612,0.0926148,0.0889684,0.0849233,0.0804813,0.0756449,0.0704176,0.0648043,0.0588118,0.0524489,0.0457268,0.0386596,0.0312642,0.0235609,0.0155737,0.00733053,-0.00113674,-0.0097917,-0.0185936,-0.0274977,-0.0364461,-0.0453856,-0.0542643,-0.0630147,-0.0715663,-0.0798452,-0.0877748,-0.0952755,-0.102266,-0.108665,-0.114392,-0.119366,-0.123514,-0.126764,-0.129056,-0.130336,-0.130562,-0.129707,-0.127754,-0.124706,-0.120582,-0.115422,-0.10928,-0.10223,-0.0943643,-0.0857899,-0.0766287,-0.0670159,-0.0570965,-0.0470242,-0.0369579,-0.0270599,-0.0174934,-0.00842036,0,
0,0.0118997,0.0229706,0.0332043,0.0426042,0.0511831,0.0589609,0.0659635,0.0722205,0.077764,0.0826277,0.0868452,0.09045,0.0934738,0.0959468,0.0978966,0.0993484,0.100325,0.100844,0.100925,0.100579,0.0998185,0.0986523,0.0970873,0.0951284,0.0927795,0.0900432,0.0869214,0.083416,0.0795286,0.0752617,0.0706182,0.0656024,0.0602199,0.0544783,0.0483872,0.0419587,0.0352074,0.0281512,0.020811,0.0132114,0.00538065,-0.00264914,-0.0108416,-0.0191563,-0.0275479,-0.0359604,-0.0443452,-0.0526509,-0.0608103,-0.0687572,-0.0764222,-0.083733,-0.0906158,-0.0969956,-0.102798,-0.107948,-0.112376,-0.116014,-0.118802,-0.120687,-0.121623,-0.121579,-0.120531,-0.118471,-0.115408,-0.111366,-0.106384,-0.100519,-0.0938426,-0.0864431,-0.0784226,-0.0698961,-0.0609898,-0.051839,-0.0425861,-0.0333783,-0.0243657,-0.015699,-0.0075281,0,
0,0.0110559,0.0213695,0.0309268,0.0397256,0.047773,0.0550836,0.0616778,0.06758,0.0728176,0.0774197,0.081416,0.0848359,0.087708,0.0900591,0.0919145,0.0932968,0.0942264,0.0947209,0.0947957,0.0944633,0.0937341,0.0926164,0.0911165,0.0892393,0.0869884,0.0843665,0.0813757,0.078018,0.0742957,0.0702114,0.0657687,0.0609725,0.0558291,0.0503466,0.0445353,0.0384079,0.0319798,0.0252692,0.0182977,0.0110899,0.00367438,-0.00391679,-0.0116477,-0.019479,-0.0273615,-0.0352475,-0.0430917,-0.0508377,-0.0584243,-0.0657887,-0.0728654,-0.0795872,-0.0858855,-0.0916913,-0.0969361,-0.101554,-0.10548,-0.108657,-0.11103,-0.112555,-0.113194,-0.112923,-0.111725,-0.109596,-0.106551,-0.102614,-0.0978287,-0.0922496,-0.0859475,-0.0790063,-0.0715228,-0.0636052,-0.0553714,-0.0469472,-0.0384648,-0.0300605,-0.0218732,-0.0140421,-0.00670567,0,
0,0.0102291,0.0198004,0.0286945,0.0369038,0.0444298,0.0512818,0.0574748,0.0630285,0.0679656,0.0723107,0.0760895,0.0793277,0.0820508,0.0842826,0.0860458,0.0873608,0.0882461,0.0887177,0.0887897,0.0884735,0.0877787,0.0867129,0.0852822,0.0834911,0.081343,0.0788408,0.0759867,0.072783,0.0692321,0.0653372,0.0611024,0.0565328,0.0516355,0.0464189,0.040894,0.0350739,0.0289743,0.0226139,0.0160145,0.00920079,0.00220122,-0.00495244,-0.0122248,-0.019577,-0.02696,-0.0343312,-0.0416473,-0.0488506,-0.0558846,-0.0626899,-0.0692056,-0.0753688,-0.0811163,-0.0863849,-0.0911124,-0.0952389,-0.0987078,-0.101467,-0.103471,-0.104681,-0.105066,-0.104609,-0.103297,-0.101132,-0.0981297,-0.09432,-0.0897442,-0.0844572,-0.0785271,-0.0720339,-0.065069,-0.0577338,-0.0501385,-0.0424001,-0.0346411,-0.0269879,-0.0195689,-0.0125129,-0.00594801,0,
0,0.00942155,0.0182674,0.0265132,0.0341457,0.0411615,0.0475644,0.0533645,0.0585765,0.0632188,0.0673116,0.0708769,0.073937,0.0765139,0.0786289,0.0803021,0.081552,0.0823951,0.0828461,0.0829176,0.0826202,0.0819627,0.0809521,0.0795941,0.077893,0.0758522,0.0734743,0.070762,0.0677175,0.0643437,0.060644,0.0566228,0.0522859,0.0476403,0.0426952,0.0374617,0.0319534,0.0261862,0.0201789,0.0139532,0.00753386,0.000948932,-0.00577038,-0.0125896,-0.0194684,-0.0263632,-0.0332343,-0.040036,-0.0467151,-0.0532179,-0.059489,-0.0654714,-0.071107,-0.0763375,-0.0811053,-0.085354,-0.0890299,-0.0920828,-0.0944673,-0.0961437,-0.0970797,-0.0972509,-0.0966424,-0.0952485,-0.093075,-0.0901401,-0.0864737,-0.0821176,-0.0771256,-0.0715628,-0.0655055,-0.0590396,-0.0522601,-0.0452698,-0.0381774,-0.0310967,-0.0241447,-0.0174402,-0.0111026,-0.00525039,0,
0,0.0086353,0.0167745,0.0243882,0.0314583,0.037976,0.0439402,0.0493561,0.0542339,0.0585875,0.0624332,0.0657892,0.0686745,0.0711081,0.0731089,0.0746944,0.0758811,0.076684,0.0771163,0.0771895,0.0769131,0.0762954,0.0753428,0.0740606,0.0724529,0.070523,0.0682736,0.0657072,0.0628265,0.0596345,0.0561347,0.052332,0.0482323,0.043843,0.0391735,0.0342351,0.0290415,0.0236088,0.0179557,0.0121037,0.00607726,-9.61013e-05,-0.00638593,-0.0127593,-0.0191736,-0.025592,-0.0319777,-0.0382817,-0.044456,-0.0504502,-0.0562125,-0.0616899,-0.0668287,-0.0715756,-0.075878,-0.0796852,-0.0829491,-0.0856253,-0.0876742,-0.089062,-0.0897616,-0.089754,-0.0890274,-0.0875803,-0.0854227,-0.0825737,-0.0790639,-0.0749345,-0.0702377,-0.0650357,-0.0594006,-0.0534134,-0.0471628,-0.0407446,-0.0342598,-0.0278141,-0.0215159,-0.0154753,-0.00980289,-0.00460848,0,
0,0.0078724,0.0153254,0.022325,0.028848,0.0348808,0.0404175,0.0454588,0.0500102,0.0540815,0.0576854,0.0608364,0.0635505,0.0658439,0.0677327,0.0692326,0.0703581,0.0711225,0.0715378,0.0716144,0.071361,0.0707851,0.0698928,0.068689,0.0671774,0.0653614,0.0632436,0.0608267,0.0581134,0.0551067,0.0518107,0.04823,0.044371,0.0402411,0.03585,0.0312089,0.0263316,0.0212339,0.0159345,0.0104545,0.00481787,-0.000948723,-0.0068156,-0.01275,-0.0187128,-0.0246691,-0.0305826,-0.0364072,-0.0420974,-0.0476062,-0.0528854,-0.0578859,-0.0625585,-0.0668543,-0.0707257,-0.0741271,-0.0770156,-0.0793522,-0.0811023,-0.0822371,-0.0827343,-0.0825794,-0.0817642,-0.0802899,-0.0781686,-0.0754211,-0.0720779,-0.0681795,-0.0637759,-0.0589264,-0.0536991,-0.0481697,-0.0424215,-0.0365433,-0.0306292,-0.0247772,-0.0190878,-0.0136633,-0.00860612,-0.0040183,0,
0,0.0071348,0.0139238,0.0203285,0.0263211,0.0318832,0.0370044,0.041681,0.0459143,0.0497102,0.0530778,0.0560284,0.0585749,0.0607308,0.0625101,0.0639262,0.064992,0.0657194,0.0661191,0.0662005,0.0659715,0.0654391,0.0646088,0.0634852,0.0620719,0.060372,0.0583884,0.0561235,0.0535801,0.0507615,0.0476717,0.0443156,0.0406995,0.036831,0.0327196,0.0283766,0.0238155,0.0190521,0.0141045,0.00899324,0.00374169,-0.00162438,-0.00707684,-0.0125813,-0.0181044,-0.0236141,-0.0290715,-0.034435,-0.0396621,-0.0447089,-0.0495308,-0.0540823,-0.0583185,-0.0621949,-0.0656683,-0.0686978,-0.0712455,-0.0732768,-0.0747622,-0.075677,-0.0760026,-0.0757289,-0.0748509,-0.0733713,-0.0713041,-0.0686708,-0.0655019,-0.0618364,-0.0577224,-0.0532159,-0.048381,-0.0432888,-0.0380166,-0.0326473,-0.0272684,-0.0219707,-0.0168476,-0.0119941,-0.00750535,-0.00347624,0,
0,0.00642435,0.0125732,0.0184035,0.0238834,0.02899,0.0337085,0.0380309,0.0419549,0.0454825,0.0486196,0.0513742,0.0537566,0.0557779,0.0574497,0.0587838,0.0597914,0.0604829,0.060868,0.0609551,0.0607516,0.0602637,0.0594965,0.0584544,0.0571407,0.0555585,0.0537105,0.0515993,0.0492275,0.0465987,0.0437166,0.0405863,0.0372141,0.0336075,0.0297759,0.0257305,0.0214843,0.0170528,0.0124535,0.00770643,0.002834,-0.00213901,-0.0071858,-0.0122723,-0.0173691,-0.0224463,-0.0274648,-0.0323866,-0.0371719,-0.0417803,-0.0461702,-0.0503001,-0.0541289,-0.057616,-0.0607228,-0.0634126,-0.0656517,-0.06741,-0.0686619,-0.0693867,-0.0695695,-0.0692023,-0.0682831,-0.0668173,-0.0648191,-0.0623104,-0.0593211,-0.0558888,-0.0520593,-0.0478854,-0.0434273,-0.0387514,-0.0339297,-0.0290394,-0.0241616,-0.0193808,-0.0147837,-0.0104586,-0.00649427,-0.00297905,0,
0,0.00574281,0.0112767,0.0165548,0.0215407,0.0262077,0.0305369,0.0345163,0.03814,0.0414068,0.0443191,0.0468824,0.0491043,0.0509936,0.05256,0.0538135,0.0547639,0.0554204,0.0557915,0.055885,0.0557074,0.0552644,0.0545609,0.0536008,0.0523874,0.0509236,0.049212,0.047255,0.0450556,0.0426169,0.039943,0.0370387,0.0339101,0.0305648,0.0270118,0.0232619,0.0193279,0.0152247,0.0109691,0.00658027,0.0020797,-0.00250891,-0.00715956,-0.0118413,-0.0165264,-0.0211856,-0.0257828,-0.0302823,-0.0346473,-0.0388404,-0.0428233,-0.0465582,-0.0500073,-0.0531343,-0.0559042,-0.0582844,-0.0602451,-0.0617599,-0.062807,-0.0633691,-0.0634343,-0.0629964,-0.0620557,-0.0606197,-0.0587029,-0.0563269,-0.0535206,-0.0503203,-0.0467691,-0.0429168,-0.0388197,-0.0345395,-0.0301435,-0.0257032,-0.0212941,-0.0169946,-0.0128854,-0.00904865,-0.00556727,-0.00252387,0,
0,0.00509183,0.0100375,0.0147865,0.0192984,0.0235426,0.0274964,0.0311445,0.0344775,0.0374909,0.0401844,0.042561,0.0446258,0.0463857,0.0478486,0.0490228,0.0499168,0.0505387,0.0508962,0.050996,0.0508443,0.0504463,0.0498063,0.0489282,0.0478149,0.0464693,0.0448938,0.043091,0.0410634,0.0388145,0.0363479,0.0336684,0.0307821,0.0276961,0.0244192,0.0209617,0.017336,0.0135561,0.00963829,0.00560069,0.00146361,-0.00275066,-0.00701587,-0.0113056,-0.015594,-0.0198512,-0.0240448,-0.0281415,-0.0321074,-0.0359079,-0.0395082,-0.0428735,-0.0459698,-0.0487641,-0.0512251,-0.0533238,-0.0550339,-0.0563327,-0.0572011,-0.057625,-0.057595,-0.0571067,-0.0561619,-0.0547696,-0.0529442,-0.0507069,-0.0480857,-0.0451148,-0.041835,-0.0382928,-0.0345407,-0.0306363,-0.0266419,-0.022624,-0.0186526,-0.0148006,-0.0111431,-0.00775689,-0.0047194,-0.00210817,0,
0,0.00447302,0.00885869,0.0131028,0.0171615,0.0210004,0.0245936,0.0279224,0.0309743,0.0337421,0.036223,0.0384175,0.0403287,0.0419616,0.0433226,0.0444185,0.0452567,0.0458442,0.0461878,0.0462936,0.0461673,0.0458136,0.0452365,0.0444394,0.0434255,0.0421971,0.0407567,0.0391067,0.0372497,0.0351888,0.0329277,0.030471,0.0278242,0.0249944,0.0219898,0.0188204,0.0154978,0.0120352,0.00844809,0.00475355,0.000970678,-0.00287979,-0.006772,-0.010683,-0.0145894,-0.0184612,-0.022269,-0.0259823,-0.02957,-0.0330003,-0.0362414,-0.0392617,-0.0420304,-0.0445178,-0.0466962,-0.0485395,-0.0500249,-0.0511324,-0.051846,-0.0521537,-0.0520486,-0.0515277,-0.0505941,-0.049257,-0.0475312,-0.0454372,-0.0430016,-0.0402567,-0.0372406,-0.0339968,-0.0305741,-0.027026,-0.02341,-0.019788,-0.0162249,-0.0127884,-0.00954847,-0.0065769,-0.00394634,-0.00172982,0,
0,0.00388789,0.00774296,0.0115076,0.0151348,0.0185868,0.0218345,0.0248564,0.0276373,0.0301675,0.0324419,0.0344589,0.0362198,0.0377281,0.0389887,0.0400071,0.0407897,0.0413426,0.0416718,0.0417829,0.041681,0.0413703,0.0408547,0.0401374,0.039221,0.0381081,0.0368009,0.0353016,0.0336128,0.0317374,0.0296787,0.0274413,0.0250304,0.0224524,0.0197153,0.0168284,0.0138024,0.01065,0.0073855,0.00402492,0.000586095,-0.00291159,-0.00644438,-0.00999106,-0.0135297,-0.0170326,-0.0204726,-0.0238219,-0.0270518,-0.0301334,-0.0330378,-0.0357364,-0.0382015,-0.0404065,-0.0423265,-0.0439388,-0.0452231,-0.0461622,-0.0467424,-0.0469538,-0.0467912,-0.0462534,-0.0453437,-0.0440718,-0.0424522,-0.0405045,-0.0382539,-0.0357307,-0.0329704,-0.0300134,-0.0269048,-0.0236939,-0.0204343,-0.017183,-0.0140001,-0.0109487,-0.00809402,-0.00550313,-0.00324442,-0.001387,0,
0,0.00333789,0.00669306,0.0100048,0.0132229,0.0163069,0.0192248,0.0219526,0.0244728,0.0267734,0.0288474,0.0306916,0.0323056,0.0336916,0.034853,0.0357946,0.0365216,0.0370395,0.0373535,0.0374687,0.0373896,0.0371203,0.0366643,0.0360244,0.0352034,0.0342034,0.0330266,0.031675,0.030151,0.0284573,0.0265971,0.0245745,0.0223945,0.020063,0.0175873,0.0149761,0.0122394,0.0093889,0.00643786,0.00340118,0.000295377,-0.00286148,-0.00604831,-0.00924522,-0.0124314,-0.015582,-0.0186721,-0.0216761,-0.0245681,-0.0273218,-0.0299111,-0.0323102,-0.0344943,-0.0364396,-0.038124,-0.0395275,-0.0406323,-0.0414237,-0.0418899,-0.0420229,-0.0418186,-0.041277,-0.0404023,-0.0392038,-0.0376955,-0.0358961,-0.0338291,-0.0315228,-0.02901,-0.0263281,-0.0235185,-0.0206269,-0.0177024,-0.0147978,-0.0119686,-0.00927354,-0.00677331,-0.00453083,-0.00261061,-0.00107826,0,
0,0.00282443,0.00571155,0.00859776,0.0114301,0.0141656,0.0167698,0.0192166,0.0214864,0.0235657,0.0254456,0.0271216,0.028592,0.0298577,0.0309213,0.0317865,0.0324578,0.0329399,0.0332376,0.0333553,0.0332973,0.0330671,0.0326682,0.0321032,0.0313744,0.030484,0.0294338,0.028226,0.0268625,0.0253459,0.0236791,0.0218659,0.0199107,0.017819,0.0155976,0.0132543,0.0107984,0.0082406,0.005593,0.00286927,8.45698e-05,-0.00274408,-0.00559851,-0.00846053,-0.0113101,-0.014125,-0.0168827,-0.01956,-0.0221334,-0.0245792,-0.0268739,-0.0289945,-0.0309188,-0.0326256,-0.0340954,-0.0353105,-0.0362557,-0.0369179,-0.0372875,-0.0373579,-0.0371258,-0.0365921,-0.0357615,-0.034643,-0.0332499,-0.0315997,-0.0297142,-0.0276196,-0.0253459,-0.0229275,-0.0204025,-0.0178126,-0.0152031,-0.0126224,-0.0101218,-0.00775575,-0.00558083,-0.00365606,-0.00204242,-0.000802476,0,
0,0.00234885,0.00480091,0.00728991,0.00976049,0.0121674,0.0144744,0.0166535,0.0186836,0.0205498,0.022242,0.0237544,0.0250845,0.0262321,0.027199,0.0279881,0.0286034,0.0290488,0.0293288,0.0294473,0.029408,0.0292145,0.0288697,0.0283761,0.0277359,0.026951,0.0260232,0.0249543,0.0237462,0.022401,0.0209215,0.019311,0.0175735,0.0157141,0.0137387,0.0116545,0.0094699,0.00719452,0.00483939,0.00241689,-5.93715e-05,-0.00257317,-0.00510923,-0.00765142,-0.0101802,-0.0126761,-0.0151188,-0.0174875,-0.019761,-0.0219181,-0.0239379,-0.0257999,-0.0274842,-0.0289722,-0.0302467,-0.0312923,-0.0320957,-0.0326457,-0.0329341,-0.0329557,-0.0327079,-0.0321922,-0.0314134,-0.0303802,-0.029105,-0.027604,-0.0258972,-0.0240086,-0.0219656,-0.0197995,-0.017545,-0.0152402,-0.0129263,-0.0106479,-0.00845215,-0.00638923,-0.00451193,-0.00287558,-0.00153791,-0.000558803,0,
0,0.00191249,0.0039635,0.00608438,0.00821771,0.0103165,0.012343,0.0142679,0.0160691,0.0177305,0.0192414,0.020595,0.021788,0.0228197,0.023691,0.0244045,0.0249633,0.0253712,0.0256318,0.025749,0.0257261,0.0255662,0.0252721,0.0248461,0.0242903,0.0236063,0.0227957,0.02186,0.0208011,0.0196209,0.0183216,0.0169062,0.0153784,0.0137424,0.0120038,0.0101688,0.0082449,0.00624078,0.00416628,0.00203247,-0.00014838,-0.00236172,-0.00459424,-0.00683145,-0.00905551,-0.011249,-0.013394,-0.0154718,-0.0174636,-0.0193506,-0.0211141,-0.0227361,-0.024199,-0.0254866,-0.0265837,-0.0274769,-0.0281547,-0.0286076,-0.0288286,-0.0288135,-0.0285605,-0.0280713,-0.0273507,-0.0264069,-0.0252512,-0.0238986,-0.0223671,-0.0206785,-0.0188576,-0.0169327,-0.0149352,-0.0128995,-0.0108631,-0.0088665,-0.00695295,-0.00516866,-0.00356266,-0.00218676,-0.00109563,-0.000346687,0,
0,0.00151661,0.00320156,0.00498411,0.0068052,0.00861653,0.0103795,0.0120639,0.013647,0.0151122,0.0164482,0.0176478,0.0187072,0.0196252,0.0204023,0.0210405,0.0215426,0.0219118,0.0221516,0.0222652,0.0222559,0.0221264,0.0218793,0.0215167,0.0210404,0.0204519,0.0197526,0.018944,0.0180274,0.0170045,0.0158774,0.0146486,0.0133212,0.0118991,0.0103869,0.00879012,0.00711545,0.00537046,0.00356385,0.00170541,-0.000193965,-0.00212163,-0.00406581,-0.00601349,-0.00794896,-0.00985681,-0.0117211,-0.0135254,-0.0152532,-0.0168878,-0.0184129,-0.0198127,-0.0210718,-0.0221759,-0.023112,-0.0238684,-0.0244353,-0.0248045,-0.0249703,-0.0249291,-0.0246799,-0.0242242,-0.0235669,-0.0227153,-0.0216799,-0.020474,-0.0191139,-0.0176191,-0.0160118,-0.0143173,-0.0125636,-0.0107817,-0.0090053,-0.00727105,-0.00561832,-0.00408943,-0.00272967,-0.00158747,-0.000714482,-0.000165794,0,
0,0.00116244,0.00251719,0.00399176,0.00552596,0.00707079,0.0085872,0.0100448,0.0114208,0.0126984,0.0138662,0.0149169,0.0158463,0.016653,0.0173373,0.0179008,0.018346,0.0186757,0.018893,0.019001,0.0190024,0.0188999,0.0186958,0.0183919,0.0179898,0.017491,0.0168966,0.0162078,0.0154258,0.014552,0.0135882,0.0125364,0.0113993,0.0101802,0.00888301,0.00751261,0.00607463,0.00457568,0.00302331,0.00142605,-0.000206589,-0.00186387,-0.00353536,-0.0052095,-0.00687278,-0.0085117,-0.0101123,-0.0116603,-0.0131413,-0.0145409,-0.0158447,-0.017039,-0.0181107,-0.0190472,-0.0198375,-0.0204714,-0.0209406,-0.0212382,-0.0213593,-0.0213012,-0.0210631,-0.0206468,-0.0200565,-0.019299,-0.0183836,-0.017322,-0.0161289,-0.0148213,-0.0134188,-0.0119439,-0.0104213,-0.00887843,-0.00734545,-0.00585509,-0.00444289,-0.00314734,-0.00201002,-0.0010759,-0.000393641,-1.59593e-05,0,
0,0.000851175,0.00191231,0.00310966,0.00438252,0.00568184,0.00696884,0.00821355,0.00939345,0.0104923,0.0114987,0.0124057,0.0132091,0.0139074,0.0145007,0.0149904,0.0153787,0.0156682,0.0158616,0.0159617,0.0159711,0.0158921,0.0157266,0.0154765,0.0151431,0.0147275,0.0142309,0.0136542,0.0129984,0.0122645,0.0114542,0.0105689,0.00961098,0.0085831,0.00748861,0.00633156,0.00511673,0.00384973,0.002537,0.00118583,-0.00019563,-0.00159842,-0.00301346,-0.00443062,-0.0058385,-0.00722545,-0.00857947,-0.0098883,-0.0111395,-0.0123208,-0.0134198,-0.0144248,-0.0153245,-0.0161083,-0.0167667,-0.0172911,-0.0176745,-0.0179112,-0.0179969,-0.0179297,-0.0177089,-0.0173363,-0.0168156,-0.0161528,-0.0153561,-0.0144358,-0.0134046,-0.0122771,-0.0110706,-0.00980448,-0.00850035,-0.00718227,-0.00587667,-0.00461255,-0.00342159,-0.00233842,-0.00140088,-0.000650369,-0.000132392,0.000102903,0,
0,0.000583882,0.00138854,0.00233963,0.00337671,0.00445149,0.00552616,0.00657181,0.00756689,0.00849591,0.00934829,0.0101173,0.0107991,0.0113922,0.0118968,0.0123141,0.0126461,0.012895,0.0130635,0.0131538,0.0131684,0.0131092,0.0129782,0.0127766,0.0125059,0.0121668,0.0117604,0.0112874,0.0107485,0.0101448,0.0094771,0.00874697,0.00795609,0.00710667,0.00620143,0.00524369,0.00423741,0.00318723,0.00209852,0.000977381,-0.00016934,-0.00133431,-0.00250984,-0.00368723,-0.00485698,-0.00600927,-0.00713397,-0.00822072,-0.00925906,-0.0102385,-0.0111488,-0.01198,-0.0127225,-0.0133676,-0.0139072,-0.0143341,-0.0146425,-0.0148275,-0.014886,-0.014816,-0.0146173,-0.0142914,-0.0138418,-0.0132733,-0.0125932,-0.01181,-0.0109347,-0.00997985,-0.00896001,-0.00789172,-0.00679355,-0.00568615,-0.00459239,-0.0035375,-0.00254933,-0.0016586,-0.000899276,-0.000309036,7.00902e-05,0.000190911,0,
0,0.000361476,0.000947087,0.00168283,0.00250951,0.00338052,0.0042599,0.00512046,0.00594219,0.0067109,0.00741695,0.00805429,0.00861962,0.00911165,0.00953054,0.00987744,0.0101541,0.0103627,0.0105054,0.0105844,0.0106016,0.0105589,0.0104578,0.0102995,0.0100852,0.00981552,0.00949126,0.00911299,0.00868128,0.0081968,0.00766037,0.00707303,0.00643611,0.00575132,0.00502083,0.00424727,0.00343381,0.00258421,0.00170282,0.000794604,-0.000134816,-0.00107959,-0.00203341,-0.00298899,-0.00393855,-0.00487403,-0.00578706,-0.00666912,-0.00751154,-0.00830572,-0.00904316,-0.00971565,-0.0103153,-0.010835,-0.0112679,-0.0116084,-0.0118514,-0.0119932,-0.0120311,-0.0119635,-0.0117905,-0.0115132,-0.0111346,-0.0106589,-0.0100918,-0.00944081,-0.0087147,-0.00792403,-0.00708089,-0.00619908,-0.0052941,-0.0043833,-0.00348604,-0.00262384,-0.00182068,-0.00110331,-0.000501704,-4.95426e-05,0.000215024,0.00024838,0,
0,0.000184576,0.000588493,0.00113941,0.00178064,0.00246841,0.00316948,0.00385912,0.00451943,0.00513789,0.00570615,0.00621908,0.00667394,0.00706977,0.00740683,0.00768622,0.00790952,0.0080786,0.00819538,0.00826173,0.00827936,0.00824979,0.00817433,0.008054,0.00788965,0.00768192,0.00743133,0.00713832,0.00680328,0.0064267,0.00600913,0.00555134,0.00505429,0.00451927,0.00394792,0.00334226,0.00270473,0.00203828,0.00134631,0.000632733,-9.7974e-05,-0.000841301,-0.00159224,-0.0023449,-0.00309308,-0.00383034,-0.00455,-0.00524522,-0.00590907,-0.00653463,-0.00711511,-0.0076439,-0.00811474,-0.00852178,-0.00885972,-0.00912392,-0.00931045,-0.00941627,-0.00943923,-0.00937817,-0.00923303,-0.00900495,-0.00869617,-0.00831014,-0.00785152,-0.00732621,-0.00674137,-0.00610545,-0.00542819,-0.00472072,-0.00399561,-0.00326702,-0.00255084,-0.00186493,-0.00122942,-0.000667056,-0.000203633,0.000131437,0.000304399,0.000276049,0,
0,5.32907e-05,0.00031224,0.000708063,0.0011882,0.00171295,0.00225274,0.00278605,0.00329755,0.00377677,0.00421687,0.00461378,0.00496542,0.00527118,0.00553144,0.00574721,0.00591992,0.00605115,0.00614254,0.00619564,0.00621185,0.00619243,0.00613842,0.00605064,0.00592975,0.00577624,0.00559046,0.00537272,0.00512329,0.00484245,0.00453058,0.00418818,0.00381592,0.00341472,0.00298575,0.00253049,0.00205075,0.00154871,0.00102694,0.000488398,-6.35e-05,-0.000625424,-0.00119359,-0.00176339,-0.0023301,-0.00288875,-0.00343421,-0.00396123,-0.00446445,-0.00493855,-0.00537826,-0.0057785,-0.00613442,-0.00644151,-0.00669568,-0.00689332,-0.00703144,-0.00710766,-0.00712035,-0.00706859,-0.00695238,-0.00677259,-0.00653096,-0.00623015,-0.00587375,-0.0054663,-0.00501333,-0.00452132,-0.00399782,-0.00345142,-0.00289192,-0.00233039,-0.0017794,-0.00125321,-0.000768147,-0.000342891,1.02912e-06,0.00023876,0.000341476,0.000275401,0,
0,-3.31468e-05,0.000116178,0.000385404,0.000728028,0.00110974,0.00150561,0.0018979,0.00227432,0.00262666,0.00294974,0.00324059,0.00349782,0.00372114,0.00391102,0.00406838,0.00419442,0.00429044,0.00435776,0.00439761,0.00441109,0.00439915,0.0043626,0.00430206,0.00421801,0.00411079,0.00398064,0.00382774,0.00365224,0.0034543,0.00323414,0.00299206,0.0027285,0.00244404,0.00213948,0.00181583,0.00147436,0.00111658,0.000744324,0.000359709,-3.48023e-05,-0.000436894,-0.000843873,-0.00125234,-0.00165886,-0.00205982,-0.00245149,-0.00283003,-0.00319154,-0.00353211,-0.0038479,-0.00413518,-0.00439039,-0.00461022,-0.00479168,-0.00493212,-0.00502934,-0.00508159,-0.00508767,-0.00504691,-0.0049593,-0.00482548,-0.00464672,-0.00442494,-0.00416276,-0.00386348,-0.00353111,-0.00317036,-0.00278673,-0.00238651,-0.00197688,-0.00156604,-0.00116339,-0.000779743,-0.000427665,-0.000121822,0.000120603,0.000279502,0.00033144,0.00024911,0,
0,-7.70018e-05,-4.36626e-06,0.000165072,0.000392964,0.000651693,0.000921746,0.00118966,0.0014464,0.00168614,0.00190537,0.00210216,0.00227573,0.00242607,0.00255366,0.00265927,0.00274386,0.00280841,0.0028539,0.00288123,0.00289121,0.00288451,0.00286168,0.00282318,0.00276931,0.00270029,0.00261626,0.00251732,0.00240353,0.00227497,0.00213172,0.00197397,0.00180193,0.00161597,0.00141657,0.00120436,0.000980145,0.00074491,0.000499842,0.000246339,-1.39536e-05,-0.000279563,-0.000548736,-0.000819157,-0.0010885,-0.00135436,-0.00161421,-0.00186547,-0.00210551,-0.00233169,-0.00254139,-0.0027321,-0.0029014,-0.00304704,-0.00316698,-0.00325943,-0.00332289,-0.00335616,-0.00335842,-0.00332921,-0.00326851,-0.00317676,-0.00305479,-0.0029039,-0.00272582,-0.00252277,-0.00229742,-0.00205293,-0.00179298,-0.0015218,-0.00124422,-0.000965847,-0.000693136,-0.000433667,-0.000196415,7.89084e-06,0.000166388,0.00026377,0.000282215,0.00020167,0,
0,-8.30642e-05,-5.7875e-05,3.65688e-05,0.00017197,0.000328391,0.000492244,0.00065454,0.000809511,0.000953608,0.0010848,0.00120208,0.00130513,0.00139409,0.00146939,0.00153159,0.00158136,0.00161937,0.00164625,0.0016626,0.00166891,0.00166562,0.00165306,0.0016315,0.00160114,0.00156208,0.0015144,0.00145812,0.00139327,0.00131987,0.00123793,0.00114753,0.00104877,0.000941839,0.00082698,0.000704541,0.000574966,0.000438813,0.000296762,0.000149624,-1.62873e-06,-0.000156182,-0.000313046,-0.000470824,-0.000628131,-0.000783535,-0.000935549,-0.00108263,-0.00122322,-0.00135574,-0.00147863,-0.00159038,-0.00168954,-0.00177476,-0.00184481,-0.00189862,-0.00193528,-0.00195408,-0.00195449,-0.00193625,-0.00189934,-0.00184401,-0.00177074,-0.0016803,-0.0015737,-0.00145225,-0.0013175,-0.00117131,-0.00101585,-0.000853589,-0.000687402,-0.000520612,-0.000357126,-0.000201606,-5.97163e-05,6.15515e-05,0.000153526,0.000205593,0.000205405,0.000140222,0,
0,-6.02916e-05,-5.84176e-05,-1.62198e-05,4.90432e-05,0.000125483,0.00020545,0.000284198,0.000358871,0.000427829,0.000490208,0.000545648,0.000594111,0.000635759,0.000670871,0.000699792,0.000722885,0.000740511,0.000753006,0.000760669,0.000763756,0.000762474,0.000756991,0.00074744,0.000733903,0.000716427,0.000695035,0.000669733,0.000640513,0.000607369,0.000570299,0.000529315,0.000484453,0.000435777,0.00038339,0.000327437,0.000268109,0.000205655,0.000140382,7.26653e-05,2.96674e-06,-6.83686e-05,-0.000140912,-0.000213987,-0.000286929,-0.000359068,-0.000429703,-0.000498108,-0.000563542,-0.000625257,-0.000682511,-0.000734582,-0.000780781,-0.000820461,-0.000853035,-0.000877986,-0.000894876,-0.000903359,-0.000903185,-0.000894217,-0.000876444,-0.000849979,-0.000815046,-0.000771995,-0.000721299,-0.00066356,-0.000599503,-0.000529987,-0.000456008,-0.000378716,-0.000299443,-0.000219742,-0.000141464,-6.68692e-05,1.20992e-06,5.91214e-05,0.000102085,0.000123921,0.000117254,7.55308e-05,0,
0,-2.42372e-05,-2.7998e-05,-1.6967e-05,1.88207e-06,2.40442e-05,4.69491e-05,6.91814e-05,8.99802e-05,0.000108958,0.000125947,0.000140908,0.000153881,0.000164952,0.00017423,0.000181832,0.00018788,0.000192485,0.00019575,0.000197763,0.000198601,0.000198319,0.000196965,0.000194577,0.000191174,0.000186766,0.000181355,0.000174938,0.000167507,0.000159056,0.000149579,0.000139071,0.000127537,0.000114987,0.000101443,8.69366e-05,7.15147e-05,5.5238e-05,3.81849e-05,2.04546e-05,2.17872e-06,-1.65682e-05,-3.56926e-05,-5.49993e-05,-7.43008e-05,-9.34186e-05,-0.000112165,-0.000130345,-0.000147755,-0.000164192,-0.000179454,-0.000193342,-0.000205667,-0.00021625,-0.000224929,-0.00023156,-0.000236023,-0.000238221,-0.000238081,-0.000235564,-0.000230666,-0.000223415,-0.00021387,-0.000202122,-0.000188296,-0.00017255,-0.000155073,-0.000136091,-0.000115863,-9.46873e-05,-7.29098e-05,-5.09359e-05,-2.92546e-05,-8.4777e-06,1.05936e-05,2.68581e-05,3.87374e-05,4.39456e-05,3.94251e-05,2.26726e-05,0,
0,0,0,0,0,0,0,0,0,0,0,0,0,0,0,0,0,0,0,0,0,0,0,0,0,0,0,0,0,0,0,0,0,0,0,0,0,0,0,0,0,0,0,0,0,0,0,0,0,0,0,0,0,0,0,0,0,0,0,0,0,0,0,0,0,0,0,0,0,0,0,0,0,0,0,0,0,0,0,0,0,
