0,1,1,1,1,1,1,1,1,1,1,1,1,1,1,1,1,1,1,1,1,1,1,1,1,1,1,1,1,1,1,1,1,1,1,1,1,1,1,1,1,1,1,1,1,1,1,1,1,1,1,1,1,1,1,1,1,1,1,1,1,1,1,1,1,1,1,1,1,1,1,1,1,1,1,1,1,1,1,1,1,
0,0.261515,0.315307,0.402964,0.487646,0.555515,0.608073,0.649063,0.681639,0.708084,0.729996,0.74849,0.764359,0.778172,0.790348,0.801197,0.810957,0.819809,0.827896,0.835329,0.842198,0.848575,0.854519,0.860077,0.86529,0.87019,0.874803,0.879154,0.88326,0.887136,0.890797,0.894251,0.897507,0.900571,0.903449,0.906143,0.908656,0.910989,0.913141,0.915111,0.916896,0.918495,0.919902,0.921114,0.922125,0.922927,0.923516,0.923882,0.924019,0.923919,0.923581,0.92297,0.922087,0.920919,0.919455,0.917676,0.915567,0.913105,0.910266,0.907023,0.903342,0.899182,0.894491,0.889206,0.883245,0.876499,0.868827,0.860034,0.849856,0.837918,0.823686,0.806374,0.784808,0.757177,0.72065,0.670785,0.601099,0.505329,0.393488,0.311062,0,
0,0.266021,0.273351,0.233285,0.233445,0.273284,0.325637,0.376607,0.422233,0.462098,0.496805,0.52715,0.553875,0.577607,0.598853,0.618022,0.635441,0.651372,0.666027,0.679577,0.692162,0.703899,0.714881,0.725188,0.734886,0.74403,0.752665,0.76083,0.768558,0.775875,0.782803,0.789362,0.795564,0.801422,0.806944,0.812137,0.817004,0.821547,0.825766,0.829658,0.833221,0.836448,0.839334,0.841869,0.844043,0.845847,0.847268,0.848291,0.848901,0.849079,0.848826,0.848106,0.846887,0.845155,0.842887,0.840053,0.83662,0.83255,0.827799,0.822318,0.816044,0.808906,0.800812,0.791649,0.781274,0.769501,0.756084,0.740698,0.722898,0.702081,0.677407,0.647719,0.611429,0.566471,0.510578,0.442941,0.370759,0.325699,0.347793,0.343885,0,
0,0.238166,0.30156,0.279731,0.235254,0.203039,0.198058,0.216954,0.248197,0.283281,0.318117,0.351093,0.381708,0.409933,0.435918,0.459873,0.482017,0.502551,0.521658,0.539496,0.556199,0.571885,0.586654,0.600589,0.613765,0.626242,0.638073,0.649303,0.659968,0.670101,0.679728,0.688871,0.697546,0.705768,0.713547,0.72089,0.727801,0.734283,0.740333,0.74595,0.751127,0.755857,0.760131,0.763938,0.767263,0.770092,0.772408,0.774192,0.775423,0.776075,0.776123,0.775569,0.774339,0.772418,0.769771,0.766357,0.762131,0.757041,0.751029,0.744026,0.73595,0.726705,0.716171,0.704201,0.690611,0.675168,0.657569,0.637426,0.614235,0.587354,0.555984,0.519223,0.476305,0.427395,0.375902,0.333865,0.326416,0.36838,0.414382,0.34636,0,
0,0.199134,0.287149,0.301433,0.277946,0.241419,0.20731,0.184979,0.178777,0.187422,0.20606,0.229908,0.255808,0.282018,0.307656,0.332312,0.35582,0.378141,0.3993,0.419351,0.438362,0.456401,0.473536,0.489828,0.505335,0.520106,0.534187,0.547616,0.560426,0.572647,0.584303,0.595413,0.605993,0.616055,0.625609,0.634661,0.643213,0.651265,0.658815,0.665857,0.672384,0.678387,0.683852,0.688766,0.693111,0.696869,0.700019,0.702538,0.704399,0.705573,0.706023,0.705736,0.704666,0.702766,0.699993,0.696299,0.69163,0.685924,0.679111,0.671108,0.661822,0.651141,0.63893,0.625026,0.609233,0.591308,0.570959,0.547835,0.52154,0.491683,0.458019,0.420835,0.381856,0.346171,0.324944,0.333864,0.377815,0.432596,0.442091,0.324115,0,
0,0.165367,0.258182,0.294221,0.293766,0.273361,0.244618,0.215395,0.19089,0.174656,0.168481,0.172009,0.183164,0.199368,0.21847,0.238991,0.260007,0.280966,0.301552,0.321587,0.340979,0.359687,0.377698,0.395016,0.411656,0.427637,0.442978,0.457702,0.471826,0.485367,0.498342,0.510761,0.522635,0.533972,0.544775,0.555047,0.564786,0.57399,0.582653,0.590766,0.598319,0.6053,0.611692,0.617478,0.622639,0.627151,0.630991,0.63413,0.636539,0.638184,0.639028,0.639026,0.638172,0.636386,0.633622,0.629828,0.624941,0.618895,0.611612,0.603005,0.592975,0.581407,0.568169,0.553108,0.536052,0.516807,0.495176,0.470994,0.444209,0.415074,0.384544,0.355053,0.331745,0.323305,0.33919,0.381048,0.435051,0.470683,0.442514,0.297642,0,
0,0.138703,0.22807,0.274768,0.290105,0.285062,0.268147,0.245528,0.221635,0.199554,0.181591,0.169409,0.163905,0.165024,0.17184,0.182986,0.1971,0.213078,0.230116,0.247663,0.26535,0.282937,0.300267,0.31724,0.333793,0.349884,0.365491,0.3806,0.395203,0.409296,0.422878,0.435946,0.448499,0.460536,0.472052,0.483043,0.493501,0.50342,0.512787,0.521592,0.529818,0.537451,0.544471,0.550856,0.556584,0.561629,0.565963,0.569556,0.572374,0.57438,0.575534,0.575787,0.575119,0.573464,0.570769,0.566973,0.562014,0.555823,0.548323,0.539429,0.529049,0.517084,0.503426,0.487966,0.470605,0.451278,0.430003,0.406983,0.382794,0.358732,0.337378,0.323235,0.322667,0.341534,0.380472,0.431212,0.475777,0.486848,0.430189,0.273106,0,
0,0.117981,0.201069,0.251923,0.276965,0.283267,0.277057,0.263136,0.245139,0.225745,0.206922,0.190196,0.176769,0.167528,0.162968,0.163105,0.167493,0.175389,0.185958,0.198434,0.21219,0.226747,0.241751,0.256948,0.272155,0.287242,0.302114,0.316704,0.330962,0.344851,0.358341,0.371412,0.384042,0.396217,0.407921,0.419138,0.429854,0.440052,0.449717,0.458831,0.467373,0.475323,0.482658,0.489354,0.495384,0.500719,0.505328,0.509177,0.512232,0.514453,0.515799,0.516223,0.515681,0.514132,0.511515,0.50777,0.502837,0.49665,0.489143,0.480244,0.469885,0.458002,0.444542,0.429486,0.412874,0.394864,0.37583,0.356528,0.338373,0.323789,0.316473,0.321011,0.341182,0.377311,0.424298,0.470993,0.500111,0.489019,0.412804,0.251747,0,
0,0.101808,0.178067,0.229617,0.260139,0.274228,0.276329,0.270171,0.258672,0.244142,0.22831,0.212503,0.197779,0.184997,0.174849,0.167845,0.164265,0.164126,0.167186,0.173019,0.181109,0.190942,0.202056,0.214071,0.226679,0.239645,0.252784,0.265959,0.27906,0.292004,0.304726,0.317173,0.329301,0.341074,0.35246,0.363431,0.373959,0.38402,0.393588,0.402639,0.411147,0.419086,0.426429,0.433147,0.43921,0.444586,0.449243,0.453144,0.456252,0.458527,0.459928,0.46041,0.459923,0.458433,0.455883,0.452219,0.447388,0.441341,0.434027,0.425407,0.415454,0.404166,0.391588,0.377842,0.363185,0.348095,0.333411,0.320525,0.31158,0.309515,0.317632,0.338452,0.372188,0.415627,0.46162,0.498855,0.511955,0.482821,0.393837,0.233356,0,
0,0.0890664,0.158851,0.209358,0.242699,0.261896,0.270087,0.270156,0.264454,0.254872,0.242965,0.229907,0.216637,0.203917,0.192378,0.182543,0.174832,0.169545,0.166839,0.166716,0.169027,0.17351,0.179837,0.187662,0.196655,0.206524,0.217021,0.227941,0.239116,0.250411,0.261716,0.272942,0.284015,0.294872,0.305461,0.315736,0.325655,0.335181,0.344279,0.352914,0.361055,0.368669,0.375724,0.382186,0.388022,0.393198,0.397678,0.401426,0.404404,0.406571,0.407888,0.408313,0.407802,0.406322,0.403825,0.400273,0.395629,0.389865,0.382969,0.374945,0.365836,0.355738,0.344835,0.33345,0.32212,0.311699,0.303483,0.299299,0.30144,0.312289,0.333559,0.365406,0.405757,0.44992,0.490316,0.516361,0.514922,0.471807,0.374811,0.217332,0,
0,0.0789288,0.142911,0.191573,0.226117,0.248542,0.261096,0.265936,0.264998,0.259847,0.251776,0.241873,0.230974,0.219767,0.208819,0.198605,0.189523,0.181904,0.176006,0.172006,0.169987,0.169939,0.171759,0.175275,0.180269,0.186504,0.193745,0.201772,0.21039,0.219427,0.228739,0.238201,0.247709,0.257173,0.266518,0.275677,0.284593,0.293212,0.301487,0.309376,0.316836,0.323829,0.330315,0.336258,0.341621,0.346367,0.350458,0.353858,0.356529,0.358435,0.359537,0.359798,0.359194,0.357683,0.355243,0.351852,0.347504,0.342209,0.336004,0.328965,0.321232,0.313035,0.304742,0.296912,0.290376,0.286297,0.286195,0.291838,0.304936,0.326656,0.357104,0.394906,0.436923,0.477991,0.510722,0.525578,0.511631,0.458008,0.35637,0.203183,0,
0,0.0707903,0.129708,0.17623,0.211017,0.235403,0.251009,0.259474,0.262315,0.260877,0.256255,0.249375,0.241018,0.231805,0.222254,0.212795,0.203793,0.195556,0.188343,0.182365,0.177778,0.174686,0.173127,0.173083,0.174478,0.177191,0.181073,0.185956,0.19167,0.19805,0.204944,0.212212,0.219729,0.227388,0.235092,0.242756,0.250306,0.257675,0.264803,0.271635,0.278121,0.284214,0.28987,0.295047,0.299704,0.303802,0.307304,0.310174,0.312377,0.31388,0.314652,0.314663,0.313907,0.312352,0.31,0.306863,0.302974,0.298397,0.293242,0.287684,0.281987,0.276546,0.271925,0.268901,0.268496,0.271946,0.280591,0.295643,0.317885,0.347365,0.383145,0.423081,0.463604,0.499508,0.52388,0.528366,0.503998,0.442619,0.33868,0.190497,0,
0,0.0642049,0.118763,0.163113,0.197592,0.223099,0.240808,0.251975,0.257808,0.259404,0.257721,0.253564,0.247622,0.240466,0.232572,0.224336,0.216093,0.208128,0.20068,0.193953,0.188116,0.183299,0.179597,0.177066,0.175722,0.175539,0.17646,0.178397,0.181241,0.184873,0.189166,0.193995,0.19924,0.204788,0.210536,0.21639,0.222262,0.228075,0.23376,0.239251,0.24449,0.249423,0.254002,0.258178,0.261909,0.265157,0.267882,0.270052,0.271638,0.272612,0.272956,0.27266,0.271719,0.270141,0.26796,0.265229,0.262041,0.258534,0.254913,0.251472,0.24862,0.246908,0.247049,0.249916,0.256491,0.267763,0.284569,0.307408,0.336276,0.3705,0.408588,0.448038,0.485148,0.514883,0.530946,0.526163,0.493312,0.426372,0.321764,0.178964,0,
0,0.0588387,0.109669,0.151946,0.185819,0.211892,0.231029,0.244197,0.25236,0.256424,0.257205,0.255409,0.251644,0.246434,0.240211,0.233345,0.226145,0.218875,0.211758,0.204983,0.198711,0.193075,0.188182,0.184111,0.180918,0.17863,0.177247,0.176745,0.177075,0.178172,0.179956,0.182337,0.18522,0.188509,0.192109,0.19593,0.199885,0.203894,0.207881,0.211778,0.215521,0.219052,0.222319,0.225271,0.227866,0.230065,0.231833,0.233143,0.233974,0.23431,0.234147,0.233511,0.232398,0.230874,0.229015,0.226938,0.224811,0.222867,0.221422,0.220893,0.221807,0.2248,0.230595,0.239943,0.253545,0.271945,0.295434,0.323957,0.357011,0.393532,0.431741,0.468981,0.501572,0.524777,0.532958,0.520091,0.480474,0.409701,0.305589,0.168357,0,
0,0.0544375,0.102089,0.142454,0.17557,0.201851,0.221935,0.236574,0.246545,0.252597,0.255423,0.255642,0.253791,0.250343,0.245698,0.240194,0.234122,0.227727,0.221217,0.214769,0.208533,0.202636,0.197181,0.192255,0.187922,0.18423,0.181207,0.178863,0.177189,0.176162,0.175742,0.175878,0.176509,0.177568,0.178981,0.180674,0.182574,0.184607,0.186703,0.188796,0.190825,0.192732,0.194464,0.195975,0.197225,0.198179,0.19881,0.199101,0.199045,0.198645,0.197929,0.19694,0.195732,0.194417,0.19314,0.192102,0.191562,0.191858,0.193405,0.196693,0.20227,0.210702,0.222531,0.23821,0.25806,0.282216,0.31058,0.342761,0.377982,0.414958,0.451763,0.48569,0.513183,0.529886,0.530841,0.51105,0.466091,0.392842,0.290088,0.158504,0,
0,0.0508047,0.0957453,0.134378,0.16668,0.192935,0.213625,0.229338,0.240705,0.24835,0.252863,0.254784,0.25459,0.252705,0.249498,0.24528,0.240321,0.234853,0.229069,0.223136,0.217195,0.211363,0.205741,0.20041,0.195437,0.190872,0.186754,0.183107,0.179942,0.177258,0.175043,0.173272,0.171913,0.170926,0.170263,0.169873,0.169701,0.16969,0.169784,0.169927,0.170068,0.170157,0.17015,0.170008,0.1697,0.169203,0.168505,0.167608,0.166528,0.165304,0.164006,0.162711,0.161558,0.16073,0.160463,0.161051,0.162848,0.166259,0.171719,0.179665,0.1905,0.204561,0.222098,0.243253,0.26805,0.296367,0.327885,0.362027,0.39785,0.433942,0.4683,0.498246,0.520416,0.530856,0.525315,0.499707,0.450628,0.375969,0.275202,0.149281,0,
0,0.0477865,0.0904114,0.127491,0.158972,0.185053,0.206103,0.22259,0.23503,0.243947,0.249845,0.253195,0.254421,0.253905,0.251982,0.248942,0.245036,0.24048,0.235456,0.230122,0.22461,0.219031,0.213479,0.208031,0.20275,0.197687,0.19288,0.188358,0.184137,0.180228,0.176629,0.173333,0.170324,0.167579,0.165071,0.162766,0.16063,0.158623,0.156706,0.15484,0.152987,0.151112,0.149187,0.147188,0.145103,0.14293,0.140684,0.1384,0.136138,0.133999,0.132107,0.130637,0.129827,0.129967,0.131396,0.134483,0.139603,0.147102,0.15727,0.170324,0.186407,0.205593,0.227899,0.253273,0.281583,0.312569,0.345793,0.380557,0.415811,0.450059,0.481278,0.506876,0.523732,0.528286,0.516995,0.486569,0.434413,0.359194,0.260884,0.140594,0,
0,0.0452612,0.0859005,0.121592,0.152274,0.178088,0.199322,0.216355,0.229614,0.239541,0.246571,0.251114,0.253551,0.254221,0.253432,0.251454,0.248518,0.244826,0.240551,0.235842,0.230822,0.225598,0.220257,0.214873,0.209503,0.204197,0.19899,0.19391,0.188976,0.184198,0.179581,0.175121,0.170811,0.166637,0.162581,0.158621,0.154733,0.150891,0.147069,0.143241,0.139383,0.135476,0.131509,0.127478,0.123396,0.119295,0.115232,0.111302,0.107648,0.104468,0.102016,0.100633,0.100709,0.102659,0.106867,0.113629,0.123132,0.135452,0.150587,0.168498,0.189127,0.212406,0.23825,0.266531,0.297043,0.32945,0.363227,0.397587,0.431403,0.463133,0.490777,0.511876,0.523549,0.522721,0.506428,0.472029,0.417678,0.342592,0.247092,0.132375,0,
0,0.0431314,0.0820591,0.116512,0.146429,0.171918,0.193209,0.210614,0.224489,0.235213,0.243162,0.248698,0.252158,0.253853,0.254058,0.253024,0.250969,0.24808,0.244519,0.240427,0.235923,0.231105,0.226057,0.220848,0.215533,0.210157,0.204753,0.199348,0.193957,0.188592,0.183256,0.177946,0.172657,0.167375,0.162088,0.156775,0.151417,0.145992,0.140478,0.134854,0.129103,0.123212,0.117179,0.111015,0.104753,0.0984593,0.0922464,0.0863032,0.0809149,0.0764896,0.0735842,0.0728494,0.0748967,0.0801223,0.0886164,0.100228,0.114705,0.131805,0.15134,0.173175,0.197214,0.223372,0.251545,0.281572,0.3132,0.34603,0.379466,0.412646,0.444389,0.473142,0.496967,0.513553,0.520296,0.514607,0.494012,0.456434,0.400623,0.326223,0.233796,0.124574,0,
0,0.041319,0.078761,0.112105,0.141298,0.166427,0.187681,0.205321,0.219651,0.230997,0.239688,0.246044,0.250368,0.252939,0.254012,0.253814,0.25255,0.250395,0.247502,0.244004,0.240013,0.235624,0.230914,0.22595,0.220784,0.215456,0.21,0.204437,0.198783,0.193047,0.18723,0.181329,0.175337,0.169241,0.163025,0.156669,0.150153,0.143452,0.136542,0.129398,0.121999,0.114325,0.106367,0.0981267,0.0896319,0.0809507,0.0722279,0.0637391,0.0559948,0.0498999,0.0468202,0.0481639,0.0544497,0.0650752,0.0790883,0.0957597,0.114653,0.13553,0.158267,0.182792,0.209052,0.236975,0.266446,0.297276,0.329159,0.361636,0.394041,0.425458,0.454674,0.480157,0.500057,0.51222,0.514378,0.504355,0.480097,0.440046,0.383399,0.310135,0.220976,0.117152,0,
0,0.0397609,0.0759019,0.108247,0.136756,0.161503,0.18265,0.200419,0.215074,0.226899,0.236184,0.243213,0.24826,0.251579,0.253402,0.25394,0.253383,0.251895,0.249621,0.246684,0.243193,0.239236,0.234888,0.230212,0.225256,0.22006,0.214654,0.209057,0.203285,0.197344,0.191235,0.184953,0.178489,0.17183,0.164958,0.157852,0.150488,0.142839,0.134876,0.126569,0.117885,0.108792,0.0992603,0.0892641,0.078788,0.0678406,0.0564815,0.0448996,0.0336683,0.0246232,0.0225525,0.0304495,0.0442985,0.0610709,0.0797556,0.100028,0.121782,0.144987,0.169635,0.195713,0.223185,0.251973,0.281931,0.312824,0.344289,0.375807,0.406656,0.43588,0.46226,0.48431,0.500259,0.508194,0.506175,0.492311,0.46498,0.423075,0.36613,0.294368,0.208615,0.11008,0,
0,0.0384054,0.0733958,0.104835,0.132696,0.157049,0.178035,0.195849,0.210723,0.222907,0.23266,0.240238,0.245888,0.249841,0.252311,0.253494,0.253566,0.252681,0.250973,0.248563,0.24555,0.24202,0.238044,0.233681,0.228978,0.223972,0.218691,0.213155,0.207376,0.20136,0.195107,0.188614,0.181869,0.17486,0.167568,0.159973,0.152051,0.143773,0.135111,0.126031,0.116498,0.106475,0.0959229,0.0847989,0.0730604,0.0606619,0.0475557,0.0336939,0.0190316,0.00363898,0.0130465,0.0304452,0.0488897,0.0684174,0.0890765,0.110912,0.133962,0.158251,0.183785,0.210543,0.238462,0.267427,0.297245,0.327626,0.35815,0.388243,0.417139,0.443862,0.46721,0.485737,0.497831,0.501801,0.495973,0.478778,0.448938,0.405716,0.348923,0.278956,0.196705,0.103338,0,
0,0.0372109,0.0711714,0.10178,0.129027,0.152977,0.17376,0.191552,0.206557,0.219002,0.229118,0.237137,0.243285,0.247773,0.250799,0.252545,0.253173,0.25283,0.251643,0.249722,0.247164,0.24405,0.240448,0.236413,0.231992,0.227218,0.222119,0.216714,0.211015,0.205027,0.198752,0.192184,0.185316,0.178135,0.170625,0.162769,0.154545,0.14593,0.136901,0.127432,0.117498,0.107078,0.0961545,0.0847211,0.0727965,0.0604522,0.0478956,0.0357311,0.0258884,0.0234883,0.031764,0.0462717,0.0637116,0.0829865,0.103729,0.125797,0.149128,0.173678,0.199398,0.226217,0.254023,0.282647,0.311842,0.341264,0.37044,0.39875,0.425401,0.449415,0.469609,0.48463,0.493037,0.493327,0.484081,0.464019,0.432188,0.388127,0.331866,0.26393,0.185238,0.0969089,0,
0,0.0361427,0.0691698,0.0990102,0.125668,0.14921,0.169758,0.187471,0.202536,0.215158,0.225548,0.233917,0.240472,0.245409,0.248911,0.251146,0.252267,0.25241,0.251697,0.250232,0.248104,0.245392,0.242161,0.238463,0.234343,0.229833,0.22496,0.219742,0.214192,0.208316,0.202115,0.195586,0.188725,0.181521,0.173964,0.16604,0.157735,0.149037,0.139934,0.130418,0.120489,0.11016,0.0994678,0.0884905,0.0773835,0.0664534,0.0563073,0.0481238,0.0438759,0.0456101,0.0536053,0.0663873,0.0824288,0.10079,0.120963,0.142672,0.165747,0.190066,0.215514,0.241962,0.269242,0.297132,0.325332,0.353445,0.380958,0.407217,0.431418,0.452588,0.469588,0.481197,0.486117,0.483039,0.470764,0.448277,0.414919,0.37044,0.315036,0.249318,0.174211,0.0907793,0,
0,0.0351728,0.0673419,0.0964627,0.122553,0.145682,0.165967,0.183555,0.198621,0.21135,0.221938,0.230579,0.237464,0.242775,0.246682,0.249341,0.250897,0.251476,0.251195,0.250151,0.24843,0.246105,0.243239,0.239883,0.236077,0.231855,0.227242,0.222257,0.216912,0.211215,0.20517,0.198775,0.19203,0.184928,0.177465,0.169636,0.161437,0.152868,0.143934,0.134654,0.125059,0.115208,0.105202,0.0952127,0.0855224,0.0765992,0.0691853,0.0643453,0.0632894,0.0668428,0.0749812,0.0870167,0.102125,0.119646,0.139123,0.160246,0.182794,0.206587,0.231459,0.257226,0.283671,0.310522,0.337434,0.363968,0.389579,0.413594,0.435208,0.453458,0.467311,0.475652,0.477301,0.471171,0.456264,0.431785,0.397313,0.352778,0.2985,0.235143,0.163621,0.0849392,0,
0,0.034278,0.0656472,0.094086,0.119624,0.142337,0.162335,0.179761,0.194776,0.207553,0.218275,0.227121,0.234268,0.239887,0.244137,0.247164,0.249103,0.250074,0.250186,0.249533,0.248195,0.246242,0.243735,0.24072,0.237239,0.233324,0.228999,0.224283,0.21919,0.213729,0.207906,0.201724,0.195185,0.18829,0.18104,0.17344,0.165499,0.157231,0.148663,0.139838,0.130821,0.121716,0.112681,0.103953,0.0958864,0.0889869,0.0839312,0.0815082,0.0824368,0.0871132,0.0954862,0.10717,0.12166,0.138489,0.157278,0.177728,0.199599,0.222677,0.246755,0.27161,0.296981,0.322557,0.347953,0.372702,0.396236,0.417877,0.436808,0.452151,0.462958,0.468191,0.466833,0.457973,0.440797,0.414727,0.379517,0.335243,0.282314,0.221426,0.153467,0.0793796,0,
0,0.0334393,0.0640523,0.0918371,0.116835,0.139125,0.158817,0.176047,0.190969,0.203745,0.214545,0.223538,0.23089,0.236761,0.241299,0.244643,0.246919,0.248242,0.248713,0.248422,0.247446,0.245851,0.243694,0.241021,0.237872,0.234277,0.230262,0.225846,0.221043,0.215865,0.210321,0.204417,0.19816,0.191558,0.18462,0.17736,0.169799,0.161968,0.153914,0.145702,0.137429,0.129233,0.121311,0.113933,0.107467,0.102386,0.0992412,0.0985976,0.100905,0.106385,0.114994,0.126487,0.140525,0.156764,0.174887,0.194619,0.215714,0.237942,0.261065,0.284829,0.30894,0.333054,0.35676,0.37957,0.400908,0.420072,0.436314,0.448825,0.456696,0.45902,0.454932,0.44366,0.424567,0.397273,0.361663,0.317925,0.26653,0.208185,0.143745,0.0740928,0,
0,0.0326409,0.0625293,0.0896801,0.114144,0.136006,0.155374,0.172381,0.187172,0.199904,0.210735,0.219827,0.227334,0.233407,0.238186,0.241803,0.244377,0.246015,0.246814,0.24686,0.246226,0.244974,0.243159,0.240826,0.238012,0.23475,0.231062,0.22697,0.22249,0.217635,0.212416,0.206845,0.200934,0.194695,0.188148,0.181316,0.174231,0.16694,0.159506,0.152016,0.144588,0.137385,0.130619,0.124569,0.119585,0.116074,0.114475,0.115193,0.118529,0.124619,0.133429,0.144788,0.158451,0.174149,0.191612,0.210589,0.230834,0.252104,0.274144,0.296674,0.319378,0.341888,0.363775,0.384542,0.403582,0.420253,0.433862,0.443615,0.448707,0.448336,0.441793,0.428438,0.407777,0.379586,0.343872,0.300902,0.251187,0.195433,0.134453,0.0690717,0,
0,0.0318701,0.0610556,0.0875853,0.111519,0.132945,0.151973,0.168732,0.183362,0.196013,0.206836,0.215983,0.223602,0.229835,0.234815,0.238666,0.241501,0.243423,0.244523,0.244882,0.244571,0.243648,0.242167,0.240171,0.237697,0.234774,0.231429,0.227681,0.223549,0.219049,0.214195,0.209002,0.203487,0.19767,0.191577,0.18524,0.178704,0.172027,0.165286,0.158584,0.152053,0.145865,0.14024,0.135444,0.13179,0.129623,0.129286,0.131078,0.135209,0.141769,0.150728,0.161957,0.175267,0.190436,0.207229,0.22541,0.244738,0.264962,0.285815,0.307,0.328183,0.348982,0.368962,0.387592,0.404315,0.418536,0.429561,0.436679,0.439173,0.436354,0.427633,0.412491,0.390585,0.361802,0.326244,0.28424,0.236323,0.183181,0.125589,0.0643093,0,
0,0.0311165,0.0596123,0.0855282,0.108932,0.129915,0.148588,0.165077,0.179519,0.192058,0.202838,0.212004,0.219698,0.226054,0.231199,0.23525,0.238316,0.240493,0.241869,0.24252,0.242515,0.24191,0.240755,0.239092,0.236958,0.234381,0.231388,0.228001,0.224239,0.220119,0.21566,0.210881,0.205803,0.200452,0.194862,0.189072,0.183136,0.177122,0.171118,0.165236,0.159616,0.154432,0.149896,0.146254,0.143779,0.142759,0.143463,0.146116,0.15087,0.157785,0.166831,0.177906,0.190853,0.20548,0.221577,0.23892,0.25727,0.276374,0.295955,0.315707,0.335284,0.354301,0.37229,0.388764,0.403207,0.415012,0.423551,0.428183,0.428278,0.42326,0.412633,0.395997,0.373144,0.344044,0.308871,0.267997,0.221964,0.171438,0.117147,0.0597989,0,
0,0.0303715,0.0581844,0.0834892,0.10636,0.126892,0.145196,0.161396,0.175627,0.188026,0.198734,0.207888,0.215625,0.222072,0.227351,0.231574,0.234842,0.23725,0.23888,0.239805,0.24009,0.239789,0.238952,0.237619,0.235824,0.233597,0.230965,0.22795,0.224573,0.220854,0.216815,0.212477,0.207867,0.203016,0.197963,0.192755,0.187452,0.18213,0.176883,0.171828,0.167106,0.162888,0.15937,0.156775,0.155338,0.155296,0.156862,0.160209,0.165446,0.172614,0.181683,0.192563,0.205117,0.219175,0.234541,0.251,0.268317,0.286238,0.30448,0.322733,0.340648,0.357812,0.373796,0.388148,0.400336,0.409804,0.415982,0.418297,0.416201,0.409229,0.396974,0.379132,0.355598,0.326422,0.291831,0.252222,0.208135,0.160208,0.109122,0.0555334,0,
0,0.0296285,0.0567596,0.0814521,0.103786,0.123857,0.141779,0.157674,0.171673,0.183909,0.194519,0.203635,0.211388,0.217899,0.223285,0.227653,0.231101,0.233717,0.235581,0.236762,0.237323,0.237316,0.236788,0.235779,0.234321,0.232447,0.23018,0.227546,0.224566,0.221263,0.21766,0.213784,0.209664,0.205335,0.200842,0.196236,0.191584,0.186965,0.182477,0.178236,0.174381,0.171074,0.168495,0.166839,0.166309,0.167097,0.169376,0.173276,0.178878,0.186208,0.195231,0.205866,0.217988,0.231439,0.246035,0.261566,0.277803,0.294489,0.311343,0.328054,0.344249,0.359552,0.373563,0.385812,0.39581,0.403048,0.407009,0.407192,0.403133,0.394451,0.380817,0.362034,0.338069,0.309031,0.275189,0.236953,0.194851,0.149492,0.101508,0.0515057,0,
0,0.028882,0.0553284,0.0794045,0.101194,0.120796,0.138324,0.153898,0.167647,0.179701,0.190191,0.199246,0.206991,0.213543,0.219013,0.223504,0.227109,0.229914,0.231995,0.233417,0.234241,0.234517,0.23429,0.233598,0.232476,0.230952,0.229053,0.226804,0.224229,0.221351,0.218197,0.214794,0.211177,0.207385,0.203463,0.199469,0.195471,0.191551,0.187806,0.184352,0.181321,0.178861,0.177135,0.176314,0.176569,0.178059,0.18092,0.185253,0.191117,0.198522,0.207432,0.217768,0.229412,0.242216,0.256001,0.270565,0.285681,0.301094,0.316528,0.331649,0.346122,0.359594,0.371649,0.381854,0.389755,0.394888,0.396794,0.39504,0.389242,0.379084,0.364317,0.344839,0.320665,0.291956,0.259003,0.222222,0.182126,0.139288,0.0942961,0.0477085,0,
0,0.028128,0.0538834,0.0773365,0.0985744,0.117698,0.13482,0.15006,0.163543,0.175397,0.185749,0.194724,0.20244,0.209012,0.214546,0.219141,0.222886,0.225863,0.228143,0.229792,0.230866,0.231415,0.23148,0.2311,0.230308,0.229133,0.227602,0.22574,0.223572,0.221124,0.218424,0.215501,0.212393,0.20914,0.205792,0.202407,0.199055,0.195819,0.192792,0.190086,0.187824,0.186141,0.185182,0.185096,0.186025,0.1881,0.191428,0.196088,0.202118,0.209519,0.21825,0.228232,0.239353,0.251468,0.264405,0.277967,0.291931,0.306047,0.320023,0.333558,0.346338,0.357997,0.36815,0.376391,0.382305,0.385475,0.385499,0.382002,0.374685,0.363287,0.347627,0.327671,0.303487,0.275266,0.243318,0.208055,0.169967,0.129593,0.0874775,0.0441339,0,
0,0.0273633,0.052419,0.0752412,0.095919,0.114555,0.13126,0.146153,0.159358,0.170997,0.181195,0.190072,0.197743,0.204317,0.209899,0.21458,0.218448,0.221581,0.224048,0.22591,0.227223,0.228033,0.228382,0.228307,0.227839,0.227009,0.225842,0.224366,0.222605,0.220586,0.21834,0.215897,0.213296,0.210579,0.207798,0.205011,0.202288,0.199709,0.197365,0.19536,0.193807,0.192828,0.192552,0.193103,0.194603,0.197157,0.20085,0.20574,0.21185,0.219173,0.227661,0.237236,0.247788,0.259176,0.271233,0.283766,0.296558,0.309349,0.321871,0.333848,0.344956,0.354851,0.363173,0.369549,0.373602,0.374963,0.373285,0.368254,0.359628,0.347202,0.330868,0.310637,0.286617,0.259023,0.228172,0.194468,0.158377,0.1204,0.0810419,0.0407741,0,
0,0.0265859,0.0509315,0.0731134,0.0932223,0.111361,0.127639,0.142175,0.155088,0.1665,0.17653,0.185295,0.192906,0.199469,0.205082,0.209835,0.213813,0.217088,0.219728,0.221791,0.223331,0.224393,0.225016,0.225237,0.225087,0.224595,0.223788,0.222692,0.221334,0.219741,0.217943,0.215974,0.213872,0.211682,0.209452,0.207244,0.205124,0.203168,0.201465,0.200108,0.199201,0.198853,0.199174,0.200272,0.202246,0.205182,0.209146,0.214178,0.220291,0.227465,0.235652,0.244772,0.254714,0.265341,0.276492,0.287978,0.299577,0.311046,0.322142,0.332583,0.342063,0.350259,0.35684,0.361464,0.363795,0.363509,0.360309,0.353943,0.344211,0.330962,0.314155,0.293831,0.270127,0.243276,0.213595,0.181474,0.147353,0.1117,0.0749782,0.037621,0,
0,0.0257945,0.0494185,0.0709502,0.090481,0.108113,0.123956,0.138124,0.150737,0.16191,0.17176,0.180401,0.187939,0.194477,0.200109,0.204922,0.208995,0.2124,0.215201,0.217455,0.219211,0.220514,0.221403,0.221911,0.22207,0.221909,0.221454,0.220731,0.219767,0.218591,0.217233,0.215727,0.214111,0.212429,0.210731,0.209075,0.207525,0.206154,0.205043,0.204278,0.203951,0.204159,0.204997,0.206554,0.208914,0.212143,0.216292,0.221387,0.227429,0.234393,0.242226,0.250844,0.260141,0.269981,0.280208,0.290632,0.301035,0.311207,0.320903,0.32985,0.337761,0.34434,0.349281,0.352278,0.353033,0.351265,0.346722,0.339211,0.328571,0.314699,0.297596,0.277337,0.25408,0.228066,0.199608,0.169079,0.136893,0.103482,0.0692744,0.0346662,0,
0,0.0249882,0.0478787,0.0687501,0.0876938,0.104811,0.12021,0.134003,0.146304,0.157229,0.166891,0.175397,0.182852,0.189353,0.194993,0.199853,0.204012,0.207535,0.210487,0.212919,0.214882,0.216416,0.21756,0.218346,0.218805,0.218964,0.218851,0.218491,0.217912,0.217141,0.216208,0.215149,0.214001,0.212806,0.211613,0.210478,0.209462,0.208631,0.20806,0.207828,0.208016,0.208707,0.209982,0.211918,0.21458,0.21802,0.222276,0.227361,0.233268,0.239965,0.247395,0.255475,0.264097,0.273131,0.282422,0.291774,0.301006,0.30991,0.318241,0.325748,0.332166,0.337219,0.340634,0.342135,0.341463,0.33838,0.332677,0.324204,0.312834,0.298516,0.28128,0.261226,0.238526,0.213424,0.186226,0.157284,0.126987,0.0957344,0.0639178,0.0319012,0,
0,0.0241672,0.046312,0.0665132,0.0848613,0.101456,0.116403,0.129812,0.141796,0.152465,0.161928,0.170291,0.177654,0.18411,0.189747,0.194645,0.198878,0.20251,0.205601,0.208203,0.210361,0.212116,0.213504,0.214558,0.215305,0.215775,0.215992,0.215983,0.215774,0.215393,0.21487,0.214238,0.213534,0.2128,0.212083,0.211433,0.210909,0.210571,0.210488,0.210728,0.211364,0.212468,0.214106,0.216343,0.21923,0.222807,0.227098,0.232108,0.237822,0.244203,0.251189,0.258698,0.266624,0.274841,0.283181,0.291482,0.299574,0.30724,0.314258,0.320392,0.325399,0.32903,0.331037,0.331179,0.329233,0.324996,0.318307,0.30904,0.29711,0.282508,0.265284,0.245556,0.223505,0.199373,0.173456,0.146087,0.117626,0.0884422,0.0588948,0.0293173,0,
0,0.0233317,0.0447194,0.0642408,0.0819851,0.0980498,0.112539,0.125558,0.137217,0.147624,0.156882,0.165094,0.172356,0.178758,0.184384,0.189312,0.19361,0.197341,0.200562,0.203322,0.205666,0.207631,0.209253,0.210563,0.211588,0.212355,0.212889,0.213216,0.213362,0.213352,0.213218,0.212991,0.212706,0.212404,0.212127,0.211924,0.211848,0.211955,0.212304,0.212958,0.213978,0.215426,0.217357,0.219823,0.222864,0.226509,0.230772,0.235649,0.241119,0.24714,0.253649,0.260563,0.26778,0.275164,0.282567,0.28985,0.296826,0.303299,0.309063,0.313901,0.31759,0.319907,0.320631,0.319553,0.316482,0.31125,0.303733,0.293838,0.281508,0.266764,0.249678,0.230377,0.209048,0.18593,0.161302,0.13548,0.108796,0.0815903,0.0541919,0.0269061,0,
0,0.0224827,0.0431024,0.0619353,0.0790685,0.0945971,0.108622,0.121246,0.132575,0.142713,0.151761,0.159815,0.16697,0.173311,0.178919,0.183867,0.188222,0.192044,0.195386,0.198295,0.200814,0.202979,0.204823,0.206377,0.207666,0.208717,0.209554,0.2102,0.210682,0.211025,0.211257,0.211409,0.211515,0.211612,0.21174,0.211943,0.21227,0.212771,0.213499,0.214507,0.215849,0.217576,0.219734,0.222362,0.225493,0.229144,0.233321,0.238015,0.243197,0.248823,0.254829,0.261131,0.267627,0.27418,0.280677,0.286961,0.292862,0.298197,0.302777,0.306402,0.308871,0.309986,0.309553,0.307392,0.303342,0.297269,0.28908,0.278702,0.266114,0.251357,0.234515,0.215728,0.19518,0.173102,0.149762,0.125453,0.100482,0.0751625,0.0497949,0.0246588,0,
0,0.0216213,0.0414633,0.0595999,0.0761156,0.0911027,0.104658,0.116883,0.127878,0.137742,0.146574,0.154466,0.161508,0.167782,0.173365,0.178327,0.182731,0.186634,0.190088,0.193136,0.19582,0.198174,0.20023,0.202015,0.203555,0.204875,0.205997,0.206946,0.207744,0.208417,0.208991,0.209495,0.209961,0.210423,0.210918,0.211486,0.212171,0.213016,0.214069,0.215375,0.216979,0.218924,0.221247,0.223978,0.227139,0.230741,0.234783,0.239249,0.244107,0.249309,0.254792,0.260474,0.26624,0.271988,0.277599,0.28292,0.287793,0.292052,0.295522,0.298022,0.299375,0.299402,0.297938,0.294828,0.28994,0.283171,0.274448,0.263723,0.251005,0.236346,0.219843,0.201638,0.181915,0.160894,0.138829,0.115992,0.0926677,0.0691416,0.0456894,0.0225669,0,
0,0.0207492,0.039805,0.0572386,0.0731315,0.0875726,0.100656,0.112477,0.123134,0.132721,0.141333,0.149059,0.155983,0.162184,0.167735,0.172704,0.17715,0.181127,0.184684,0.187863,0.190701,0.193233,0.195487,0.19749,0.199267,0.20084,0.202231,0.203463,0.204556,0.205536,0.206426,0.207254,0.208048,0.20884,0.209664,0.210555,0.211552,0.212693,0.214019,0.215569,0.21738,0.219486,0.221916,0.224694,0.227834,0.231339,0.235202,0.239403,0.243907,0.248665,0.253613,0.258664,0.263717,0.268684,0.273435,0.277833,0.281734,0.284984,0.287423,0.288892,0.289231,0.288285,0.285912,0.281983,0.276391,0.269058,0.259931,0.248985,0.236249,0.221785,0.205698,0.18813,0.169262,0.149304,0.128494,0.107083,0.0853346,0.06351,0.0418611,0.0206219,0,
0,0.0198682,0.0381308,0.0548561,0.0701221,0.0840139,0.0966214,0.108037,0.118352,0.12766,0.136049,0.143604,0.150406,0.15653,0.162045,0.167014,0.171494,0.175538,0.179189,0.182488,0.185472,0.18817,0.19061,0.192818,0.194817,0.196626,0.198268,0.199762,0.20113,0.202392,0.203571,0.204693,0.205783,0.20687,0.207984,0.209157,0.210421,0.211812,0.213361,0.215104,0.217069,0.219284,0.221772,0.224548,0.227619,0.230985,0.234633,0.238539,0.242667,0.246966,0.251372,0.255793,0.260158,0.264364,0.268291,0.271816,0.274803,0.277114,0.278607,0.279137,0.278566,0.276759,0.273597,0.268973,0.2628,0.255027,0.245616,0.23456,0.221902,0.207714,0.192105,0.175217,0.157224,0.138325,0.118741,0.0987073,0.0784636,0.0582497,0.0382957,0.0188156,0,
0,0.0189803,0.0364445,0.0524576,0.0670937,0.080434,0.092564,0.103572,0.113545,0.122571,0.130734,0.138115,0.144791,0.150833,0.156306,0.16127,0.165779,0.169881,0.173618,0.177029,0.180146,0.182999,0.185614,0.188013,0.190217,0.192247,0.19412,0.195857,0.197475,0.198995,0.200436,0.201822,0.203176,0.204523,0.20589,0.207303,0.208793,0.210387,0.212115,0.214002,0.216074,0.218351,0.220849,0.223579,0.226543,0.229734,0.233137,0.236725,0.24046,0.244293,0.248151,0.251964,0.255659,0.259133,0.262279,0.264981,0.267118,0.268565,0.269195,0.26888,0.2675,0.264942,0.261103,0.255899,0.249266,0.241164,0.23157,0.220502,0.208007,0.194165,0.179085,0.162908,0.145799,0.127947,0.109557,0.0908462,0.072035,0.0533425,0.0349789,0.0171397,0,
0,0.0180876,0.0347501,0.0500486,0.0640533,0.076841,0.0884926,0.0990914,0.108721,0.117464,0.125399,0.132605,0.139152,0.145107,0.150534,0.155487,0.160017,0.164171,0.167986,0.171499,0.17474,0.177736,0.180511,0.183086,0.185481,0.187713,0.1898,0.191758,0.193604,0.195357,0.197034,0.198654,0.20024,0.201813,0.203395,0.205011,0.206686,0.208442,0.210303,0.212292,0.214427,0.216723,0.219192,0.221839,0.22466,0.227648,0.230782,0.234035,0.237368,0.240729,0.244048,0.247274,0.250322,0.253099,0.255508,0.257444,0.258796,0.259454,0.259304,0.258237,0.256148,0.252941,0.248533,0.242858,0.235868,0.227537,0.217859,0.206863,0.194603,0.181162,0.16665,0.151204,0.13498,0.118156,0.100923,0.0834792,0.0660284,0.0487703,0.0318968,0.0155865,0,
0,0.0171925,0.0330518,0.0476351,0.0610082,0.0732433,0.0844167,0.0946067,0.103892,0.112351,0.120057,0.127084,0.1335,0.139366,0.144741,0.149678,0.154224,0.158421,0.162306,0.165911,0.169265,0.172393,0.175316,0.178053,0.180623,0.18304,0.18532,0.187479,0.189531,0.191491,0.193376,0.195203,0.19699,0.198755,0.200519,0.202301,0.204121,0.206,0.207957,0.210007,0.212166,0.214444,0.216848,0.219379,0.222031,0.224791,0.227639,0.230546,0.233473,0.236361,0.239164,0.24182,0.244249,0.246369,0.248089,0.249316,0.249951,0.249895,0.249049,0.247318,0.244613,0.240856,0.235979,0.22993,0.222681,0.214214,0.204534,0.193681,0.181715,0.16872,0.154805,0.1401,0.124756,0.108936,0.0928178,0.0765851,0.0604232,0.0445149,0.0290355,0.0141482,0,
0,0.0162974,0.0313541,0.0452232,0.0579659,0.0696497,0.0803459,0.090128,0.0990696,0.107244,0.11472,0.121567,0.127848,0.133622,0.138942,0.143857,0.148412,0.152646,0.156592,0.16028,0.163737,0.166984,0.170042,0.172927,0.175654,0.178239,0.180694,0.183033,0.185267,0.187411,0.189479,0.191484,0.193442,0.195368,0.19728,0.199194,0.201126,0.203092,0.205107,0.207184,0.209333,0.211561,0.21387,0.216259,0.218718,0.221234,0.223784,0.226338,0.228857,0.231286,0.23359,0.235699,0.237543,0.239047,0.24013,0.240707,0.240691,0.239994,0.238532,0.236223,0.232993,0.228777,0.223523,0.217193,0.20977,0.201244,0.191635,0.180987,0.169364,0.156849,0.14355,0.129591,0.115112,0.100268,0.0852219,0.0701421,0.0551987,0.0405587,0.0263819,0.0128174,0,
0,0.0154047,0.0296615,0.0428191,0.0549341,0.066069,0.0762901,0.0856658,0.0942646,0.102154,0.109401,0.116066,0.122211,0.127888,0.133148,0.138037,0.142595,0.146858,0.150856,0.154618,0.158166,0.161521,0.1647,0.167719,0.170589,0.173324,0.175935,0.178433,0.180829,0.183133,0.185357,0.187514,0.189615,0.191673,0.193703,0.195717,0.197729,0.19975,0.201792,0.203865,0.205974,0.208123,0.210313,0.212538,0.214788,0.217047,0.219291,0.221494,0.223606,0.225598,0.227418,0.229008,0.230304,0.231237,0.231733,0.231719,0.231118,0.229853,0.227852,0.225046,0.221374,0.216785,0.211237,0.204707,0.197184,0.18867,0.179195,0.168803,0.157561,0.145553,0.132881,0.119664,0.106034,0.0921331,0.078113,0.0641284,0.0503346,0.0368841,0.0239229,0.0115872,0,
0,0.014517,0.0279786,0.0404291,0.0519205,0.0625102,0.0722593,0.0812309,0.0894884,0.0970946,0.10411,0.110594,0.116599,0.122177,0.127373,0.13223,0.136785,0.141069,0.145112,0.148938,0.152567,0.156018,0.159305,0.162442,0.165439,0.168308,0.171056,0.173694,0.176229,0.178671,0.181028,0.183311,0.185529,0.187693,0.189812,0.191898,0.19396,0.196008,0.198049,0.20009,0.202134,0.204183,0.206234,0.208279,0.210307,0.212301,0.214239,0.216089,0.217811,0.21938,0.220741,0.221843,0.222628,0.223034,0.222996,0.222449,0.221327,0.219563,0.217096,0.213869,0.209833,0.204948,0.199183,0.192524,0.184969,0.176529,0.167238,0.157143,0.146313,0.134828,0.122788,0.110305,0.0975005,0.0845089,0.0714686,0.0585217,0.0458105,0.0334742,0.0216461,0.0104506,0,
0,0.0136366,0.0263099,0.0380597,0.048933,0.0589823,0.0682633,0.0768339,0.0847523,0.0920762,0.0988614,0.105161,0.111026,0.116501,0.12163,0.126449,0.130994,0.135293,0.139371,0.143251,0.14695,0.150485,0.153867,0.157108,0.160217,0.163202,0.16607,0.168828,0.171483,0.174041,0.176509,0.178895,0.181205,0.183449,0.185633,0.187765,0.189852,0.191901,0.193917,0.195904,0.197863,0.199793,0.201689,0.203542,0.205341,0.207067,0.208701,0.210204,0.211556,0.212718,0.213647,0.214293,0.214606,0.21453,0.21401,0.212987,0.211405,0.209208,0.206344,0.202767,0.198438,0.193327,0.187412,0.18069,0.173162,0.164847,0.155781,0.146017,0.13562,0.12467,0.11326,0.101496,0.0894929,0.0773736,0.065266,0.0533003,0.0416067,0.0303126,0.0195396,0.00940123,0,
0,0.0127662,0.0246601,0.0357171,0.0459793,0.0554941,0.064312,0.0724854,0.0800674,0.0871104,0.0936654,0.099781,0.105503,0.110872,0.115929,0.120706,0.125234,0.12954,0.133645,0.137569,0.141327,0.144933,0.148398,0.151729,0.154934,0.158019,0.160989,0.16385,0.166605,0.169259,0.171817,0.174284,0.176665,0.178966,0.181191,0.183347,0.185437,0.187466,0.189437,0.191352,0.193209,0.195005,0.196735,0.198389,0.199955,0.201415,0.202748,0.20392,0.204915,0.205694,0.206217,0.206442,0.206322,0.205811,0.204858,0.203414,0.201431,0.198862,0.195666,0.191804,0.187246,0.181972,0.175969,0.169239,0.161786,0.153639,0.144836,0.135427,0.125478,0.115067,0.104281,0.0932193,0.0819894,0.0707045,0.0594824,0.0484425,0.0377041,0.0273835,0.017592,0.00843298,0,
0,0.0119081,0.0230336,0.0334074,0.043067,0.0520544,0.060415,0.0681957,0.0754445,0.0822085,0.0885339,0.0944645,0.100041,0.105302,0.110282,0.115011,0.119516,0.12382,0.127944,0.131902,0.135709,0.139374,0.142908,0.146315,0.149602,0.152771,0.155827,0.158773,0.16161,0.164341,0.16697,0.169498,0.171929,0.174267,0.176514,0.178673,0.180748,0.182739,0.184649,0.186475,0.188218,0.189871,0.191428,0.192879,0.194213,0.195411,0.196449,0.197309,0.197965,0.198384,0.198532,0.198369,0.197857,0.196953,0.195616,0.193804,0.191475,0.188593,0.185122,0.181034,0.176307,0.170926,0.164888,0.158195,0.150862,0.142919,0.134405,0.125371,0.11588,0.106006,0.0958336,0.0854543,0.0749678,0.0644787,0.0540954,0.0439276,0.0340843,0.024672,0.0157924,0.00754006,0,
0,0.0110646,0.0214347,0.0311368,0.0402035,0.0486718,0.0565817,0.0639749,0.070894,0.0773813,0.0834778,0.0892227,0.0946528,0.0998018,0.1047,0.109375,0.11385,0.118146,0.122278,0.12626,0.130104,0.133818,0.137407,0.140877,0.144231,0.14747,0.150596,0.153609,0.156511,0.159303,0.161984,0.164556,0.167019,0.169376,0.171627,0.173774,0.175816,0.177755,0.17959,0.181318,0.182936,0.184439,0.18582,0.187069,0.188173,0.189117,0.189874,0.190437,0.190775,0.190859,0.190661,0.190145,0.189279,0.188027,0.186353,0.184221,0.181599,0.178456,0.174765,0.170505,0.16566,0.160222,0.154193,0.147581,0.140404,0.132693,0.124489,0.115842,0.106813,0.0974725,0.0878994,0.0781797,0.0684055,0.0586735,0.0490831,0.0397351,0.0307295,0.0221636,0.0141307,0.00671703,0,
0,0.0102382,0.0198677,0.0289111,0.0373961,0.0453546,0.0528213,0.0598327,0.0664263,0.0726392,0.0785077,0.0840664,0.0893476,0.0943811,0.0991936,0.103809,0.108247,0.112524,0.116656,0.120653,0.124523,0.128273,0.131906,0.135425,0.138831,0.142125,0.145306,0.148372,0.151323,0.154158,0.156876,0.159475,0.161955,0.164316,0.166556,0.168676,0.170673,0.172548,0.174298,0.175919,0.177408,0.178758,0.179962,0.181011,0.181893,0.182589,0.183085,0.183366,0.183407,0.183184,0.18267,0.181836,0.180655,0.179095,0.177127,0.174723,0.171855,0.168501,0.164639,0.160254,0.155338,0.149886,0.143907,0.13741,0.130417,0.122961,0.115082,0.10683,0.0982632,0.0894478,0.0804579,0.0713735,0.0622799,0.0532663,0.0444241,0.0358457,0.0276228,0.0198449,0.0125973,0.00595883,0,
0,0.00943088,0.0183368,0.0267361,0.0346518,0.0421107,0.0491426,0.0557786,0.0620511,0.0679923,0.0736337,0.0790054,0.0841355,0.0890498,0.0937714,0.0983203,0.102714,0.106966,0.111088,0.115088,0.118974,0.122747,0.126411,0.129967,0.133412,0.136747,0.139968,0.143073,0.146058,0.148922,0.151662,0.154274,0.156757,0.159108,0.161325,0.163405,0.165348,0.16715,0.168807,0.170316,0.171673,0.17287,0.173901,0.174755,0.175423,0.175885,0.176135,0.176154,0.175922,0.175417,0.174617,0.173499,0.172038,0.17021,0.167991,0.165357,0.162288,0.158767,0.154778,0.150312,0.145364,0.139938,0.134041,0.127688,0.120903,0.11372,0.106177,0.0983235,0.0902147,0.0819133,0.0734881,0.0650137,0.0565687,0.0482353,0.0400977,0.0322406,0.0247484,0.0177032,0.0111831,0.00526074,0,
0,0.0086449,0.0168459,0.0246171,0.0319772,0.038948,0.0455541,0.0518216,0.0577778,0.0634501,0.0688654,0.0740493,0.079026,0.0838173,0.0884426,0.092919,0.0972603,0.101478,0.105581,0.109575,0.113464,0.117249,0.120932,0.124511,0.127983,0.131344,0.134592,0.137721,0.140728,0.143608,0.146356,0.148968,0.151441,0.153771,0.155954,0.157988,0.159867,0.161589,0.16315,0.164546,0.165769,0.166816,0.167677,0.168345,0.168808,0.169054,0.169074,0.168851,0.168368,0.167609,0.166554,0.165184,0.163479,0.16142,0.158988,0.156165,0.152935,0.149287,0.14521,0.140701,0.135758,0.130388,0.124602,0.118417,0.111859,0.104961,0.0977614,0.0903066,0.0826494,0.0748486,0.0669685,0.059078,0.0512497,0.0435594,0.0360842,0.0289024,0.0220913,0.0157265,0.00988002,0.00461843,0,
0,0.00788228,0.0153987,0.0225596,0.029379,0.0358739,0.0420639,0.0479702,0.0536153,0.0590216,0.0642117,0.0692071,0.0740277,0.0786918,0.0832155,0.0876124,0.0918937,0.096068,0.100142,0.104118,0.108,0.111786,0.115475,0.119065,0.12255,0.125926,0.129187,0.132328,0.135343,0.138226,0.140971,0.143572,0.146025,0.148325,0.150466,0.152444,0.154255,0.155895,0.157357,0.158638,0.159731,0.160631,0.161331,0.161822,0.162093,0.162138,0.161945,0.161501,0.160793,0.159806,0.158525,0.156934,0.155019,0.152764,0.150154,0.147179,0.143825,0.140087,0.135958,0.131438,0.12653,0.121244,0.115593,0.109596,0.103279,0.0966747,0.0898211,0.0827623,0.075548,0.0682331,0.0608774,0.0535446,0.0463016,0.039218,0.032365,0.0258144,0.0196374,0.0139039,0.00868028,0.00402791,0,
0,0.00714494,0.0139989,0.0205685,0.0268632,0.0328954,0.0386798,0.0442327,0.0495719,0.0547153,0.0596812,0.0644868,0.0691486,0.0736811,0.0780973,0.0824077,0.0866207,0.0907425,0.0947769,0.0987256,0.102588,0.106363,0.110047,0.113635,0.11712,0.120498,0.123761,0.126902,0.129913,0.132788,0.135519,0.1381,0.140524,0.142785,0.144878,0.146796,0.148535,0.150089,0.151453,0.152621,0.153588,0.154348,0.154895,0.15522,0.155314,0.155173,0.154787,0.154144,0.153234,0.152045,0.150566,0.148785,0.146691,0.144272,0.14152,0.138425,0.134981,0.131185,0.127034,0.122533,0.117687,0.112508,0.107012,0.101217,0.095152,0.0888475,0.0823404,0.0756725,0.0688905,0.0620457,0.0551932,0.048392,0.0417035,0.0351918,0.0289223,0.0229611,0.0173739,0.0122253,0.00757696,0.00348557,0,
0,0.00643475,0.01265,0.0186485,0.0244357,0.0300192,0.0354089,0.0406167,0.0456555,0.0505391,0.0552815,0.0598962,0.0643961,0.0687923,0.0730947,0.0773111,0.0814474,0.0855071,0.0894921,0.0934019,0.0972346,0.100986,0.104652,0.108226,0.1117,0.115068,0.11832,0.121449,0.124446,0.127303,0.130011,0.132562,0.13495,0.137166,0.139205,0.14106,0.142724,0.144193,0.14546,0.146519,0.147366,0.147994,0.148397,0.148569,0.148502,0.148193,0.147632,0.146811,0.145723,0.144358,0.142708,0.140766,0.138523,0.135972,0.133107,0.129923,0.126419,0.122594,0.118449,0.113992,0.109231,0.104179,0.0988518,0.0932721,0.087466,0.0814641,0.0753015,0.0690177,0.0626564,0.0562651,0.0498947,0.0435994,0.0374357,0.0314624,0.0257396,0.0203282,0.0152889,0.0106816,0.00656373,0.00298817,0,
0,0.00575345,0.0113551,0.0168043,0.0221021,0.0272516,0.0322583,0.0371293,0.0418734,0.0465002,0.0510197,0.0554421,0.0597766,0.0640315,0.0682137,0.0723284,0.076379,0.0803669,0.0842919,0.0881518,0.0919428,0.0956596,0.0992957,0.102844,0.106295,0.10964,0.112871,0.115977,0.118949,0.121778,0.124454,0.126969,0.129314,0.13148,0.133462,0.135251,0.13684,0.138224,0.139397,0.140353,0.141086,0.141591,0.141863,0.141894,0.141683,0.141222,0.140506,0.13953,0.138286,0.13677,0.134976,0.1329,0.130535,0.12788,0.124931,0.121687,0.118149,0.114321,0.110207,0.105815,0.101157,0.0962479,0.0911039,0.085748,0.080206,0.0745075,0.0686858,0.0627781,0.056825,0.0508703,0.044961,0.0391467,0.0334793,0.0280125,0.0228015,0.0179024,0.0133715,0.00926442,0.00563498,0.00253284,0,
0,0.00510272,0.0101175,0.0150402,0.0198676,0.0245987,0.0292342,0.0337772,0.0382322,0.0426051,0.0469023,0.0511306,0.055296,0.0594042,0.0634593,0.0674641,0.0714199,0.075326,0.0791804,0.082979,0.0867167,0.0903866,0.093981,0.097491,0.100907,0.104219,0.107417,0.11049,0.113428,0.11622,0.118856,0.121327,0.123624,0.125736,0.127658,0.129379,0.130895,0.132197,0.13328,0.134138,0.134766,0.135158,0.135311,0.135216,0.134875,0.134281,0.13343,0.132319,0.130944,0.129301,0.127388,0.125202,0.122743,0.12001,0.117003,0.113724,0.110178,0.106369,0.102306,0.097999,0.0934609,0.0887072,0.0837564,0.078631,0.0733559,0.0679598,0.062474,0.0569334,0.0513755,0.0458407,0.040372,0.0350148,0.0298162,0.0248256,0.0200935,0.0156715,0.0116118,0.00796636,0.00478573,0.00211707,0,
0,0.00448414,0.00894013,0.0133602,0.0177373,0.0220658,0.0263426,0.0305664,0.0347381,0.0388598,0.0429349,0.046967,0.0509594,0.054915,0.0588358,0.0627224,0.0665739,0.0703879,0.0741606,0.0778866,0.0815591,0.0851702,0.0887108,0.0921711,0.0955405,0.098808,0.101962,0.104992,0.107886,0.110633,0.113223,0.115644,0.117887,0.119942,0.121801,0.123456,0.124898,0.126122,0.12712,0.127887,0.128418,0.128709,0.128754,0.12855,0.128095,0.127386,0.126419,0.125194,0.123709,0.121962,0.119954,0.117685,0.115156,0.112369,0.109328,0.106038,0.102504,0.0987361,0.0947429,0.0905368,0.086132,0.0815453,0.0767956,0.0719051,0.0668982,0.061802,0.0566463,0.0514632,0.0462875,0.0411561,0.0361083,0.0311851,0.0264297,0.0218868,0.0176026,0.0136246,0.0100012,0.0067809,0.00401169,0.00173873,0,
0,0.00389923,0.00782573,0.0117682,0.0157156,0.0196583,0.0235888,0.0275024,0.0313962,0.0352695,0.0391224,0.0429558,0.0467708,0.0505679,0.0543469,0.0581064,0.0618438,0.0655552,0.0692351,0.0728767,0.0764722,0.0800124,0.0834871,0.0868857,0.0901967,0.0934084,0.0965086,0.0994853,0.102327,0.105021,0.107556,0.109921,0.112106,0.114101,0.115897,0.117485,0.118856,0.120005,0.120924,0.121608,0.122052,0.122252,0.122203,0.121903,0.121351,0.120545,0.119483,0.118165,0.116591,0.114763,0.112683,0.110353,0.107777,0.10496,0.101907,0.0986264,0.0951262,0.0914167,0.0875097,0.0834186,0.0791591,0.0747485,0.070206,0.0655534,0.0608145,0.0560149,0.0511826,0.0463473,0.0415409,0.036797,0.032151,0.0276403,0.0233037,0.0191818,0.0153166,0.0117517,0.00853173,0.00570236,0.0033092,0.00139602,0,
0,0.00334946,0.00677702,0.0102679,0.013807,0.0173806,0.0209777,0.0245899,0.0282113,0.0318384,0.0354687,0.0391008,0.0427337,0.0463658,0.0499951,0.0536186,0.057232,0.06083,0.0644057,0.0679512,0.0714574,0.0749144,0.0783111,0.081636,0.0848769,0.0880214,0.0910569,0.0939706,0.0967501,0.099383,0.101857,0.104162,0.106285,0.108217,0.109948,0.111469,0.112773,0.113851,0.114697,0.115305,0.115672,0.115792,0.115662,0.115282,0.114649,0.113763,0.112624,0.111234,0.109593,0.107706,0.105575,0.103207,0.100606,0.0977799,0.0947365,0.0914851,0.0880363,0.0844021,0.0805959,0.0766324,0.0725284,0.0683012,0.0639705,0.0595578,0.0550858,0.050579,0.0460632,0.041566,0.0371162,0.0327444,0.0284825,0.0243638,0.0204234,0.0166975,0.0132244,0.0100436,0.00719655,0.00472589,0.00267525,0.00108754,0,
0,0.00283622,0.00579655,0.00886263,0.0120153,0.0152371,0.0185134,0.021833,0.0251872,0.02857,0.031977,0.0354049,0.0388506,0.0423111,0.0457827,0.0492608,0.05274,0.0562135,0.0596734,0.0631107,0.0665155,0.0698769,0.0731832,0.0764221,0.0795811,0.0826471,0.085607,0.0884478,0.0911564,0.0937202,0.0961269,0.0983645,0.100422,0.102288,0.103954,0.10541,0.106647,0.107658,0.108437,0.108979,0.109277,0.10933,0.109133,0.108686,0.107989,0.107041,0.105844,0.104401,0.102714,0.100788,0.0986288,0.0962431,0.0936385,0.0908238,0.087809,0.0846052,0.0812247,0.077681,0.0739889,0.0701642,0.0662241,0.0621867,0.0580717,0.0538999,0.0496933,0.0454748,0.0412686,0.0370998,0.0329947,0.0289805,0.0250857,0.0213401,0.0177746,0.0144218,0.0113157,0.00849234,0.00598958,0.00384737,0.00210744,0.000812216,0,
0,0.00236086,0.00488675,0.00755555,0.0103441,0.0132313,0.0161996,0.0192349,0.0223267,0.0254671,0.0286498,0.03187,0.0351234,0.0384053,0.0417109,0.0450343,0.0483688,0.0517067,0.055039,0.0583559,0.0616466,0.0648997,0.0681029,0.0712434,0.0743083,0.0772841,0.0801575,0.0829151,0.0855436,0.0880301,0.090362,0.0925273,0.0945145,0.0963126,0.0979116,0.0993021,0.100476,0.101425,0.102143,0.102625,0.102865,0.102861,0.10261,0.102112,0.101366,0.100374,0.0991373,0.0976599,0.0959464,0.0940026,0.0918355,0.0894532,0.086865,0.0840813,0.0811138,0.077975,0.0746787,0.0712397,0.0676739,0.0639981,0.0602299,0.0563878,0.0524915,0.0485613,0.044618,0.0406835,0.03678,0.0329303,0.0291582,0.025488,0.0219447,0.0185544,0.0153444,0.0123432,0.00958116,0.0070904,0.00490545,0.0030634,0.00160403,0.000569405,0,
0,0.0019247,0.00404993,0.00634957,0.00879648,0.0113663,0.0140389,0.0167982,0.0196321,0.0225313,0.0254884,0.0284975,0.0315531,0.0346494,0.0377805,0.0409396,0.0441189,0.0473097,0.0505024,0.0536864,0.0568503,0.0599821,0.0630692,0.0660986,0.0690568,0.0719304,0.0747058,0.0773695,0.0799082,0.0823088,0.0845586,0.0866454,0.0885577,0.0902844,0.0918153,0.093141,0.0942529,0.0951436,0.0958063,0.0962357,0.0964273,0.0963777,0.0960855,0.0955499,0.0947713,0.0937514,0.0924933,0.0910013,0.0892809,0.0873392,0.0851842,0.0828253,0.0802731,0.0775395,0.0746372,0.0715802,0.0683834,0.0650628,0.061635,0.0581177,0.0545287,0.0508871,0.0472122,0.0435238,0.0398419,0.0361868,0.0325792,0.0290399,0.02559,0.0222508,0.0190443,0.015993,0.0131204,0.0104512,0.00801194,0.00583098,0.00393938,0.0023712,0.00116399,0.000359057,0,
0,0.00152903,0.00328824,0.00524725,0.00737505,0.00964446,0.0120333,0.0145244,0.0171045,0.0197636,0.0224937,0.025288,0.0281402,0.0310438,0.033992,0.036977,0.0399904,0.0430226,0.0460634,0.0491017,0.0521256,0.0551228,0.0580804,0.0609852,0.0638239,0.0665827,0.0692482,0.0718069,0.0742454,0.0765508,0.0787105,0.0807122,0.0825443,0.0841959,0.0856566,0.0869172,0.087969,0.0888044,0.0894169,0.089801,0.0899525,0.0898681,0.0895468,0.0889876,0.0881914,0.0871606,0.0858986,0.0844104,0.0827025,0.0807825,0.0786595,0.0763438,0.0738471,0.0711822,0.0683629,0.0654043,0.0623222,0.0591332,0.055855,0.0525055,0.0491033,0.0456671,0.0422163,0.0387699,0.0353473,0.0319676,0.0286496,0.0254123,0.0222742,0.0192541,0.0163706,0.013643,0.0110911,0.00873584,0.0065998,0.00470768,0.00308696,0.00176852,0.000787315,0.000183012,0,
0,0.00117507,0.00260366,0.00425074,0.00608171,0.00806718,0.0101839,0.012414,0.0147441,0.017164,0.0196655,0.0222413,0.0248846,0.0275885,0.0303452,0.0331465,0.0359831,0.038845,0.0417214,0.0446008,0.0474712,0.0503199,0.0531341,0.0559006,0.0586059,0.0612368,0.0637797,0.0662215,0.0685489,0.0707491,0.0728098,0.0747189,0.0764648,0.0780368,0.0794246,0.080619,0.0816113,0.0823941,0.0829607,0.083306,0.0834255,0.0833163,0.0829774,0.0824079,0.0816091,0.0805834,0.0793349,0.077869,0.0761925,0.0743139,0.0722426,0.06999,0.0675681,0.0649907,0.0622724,0.0594288,0.0564765,0.053433,0.050316,0.0471442,0.0439361,0.0407106,0.0374868,0.0342832,0.0311183,0.0280099,0.0249757,0.0220324,0.0191966,0.0164841,0.0139109,0.0114927,0.00924593,0.00718771,0.00533685,0.00371428,0.00234395,0.00125368,0.000476604,6.35015e-05,0,
0,0.00086401,0.00199791,0.00336166,0.00491756,0.00663496,0.00849041,0.0104665,0.0125503,0.0147319,0.0170032,0.0193571,0.0217863,0.0242833,0.0268402,0.0294479,0.0320968,0.0347764,0.0374756,0.0401826,0.0428853,0.0455712,0.0482273,0.0508408,0.0533985,0.0558873,0.0582942,0.0606062,0.0628105,0.0648947,0.0668467,0.0686547,0.0703075,0.0717944,0.0731056,0.0742316,0.0751643,0.075896,0.0764205,0.0767323,0.0768273,0.0767025,0.076357,0.07579,0.0750028,0.0739982,0.0727802,0.0713547,0.0697287,0.0679109,0.0659114,0.0637416,0.0614144,0.0589437,0.0563446,0.0536333,0.0508269,0.0479429,0.0449997,0.0420159,0.0390101,0.0360013,0.033008,0.0300484,0.02714,0.0242999,0.0215439,0.0188874,0.0163446,0.0139292,0.0116539,0.00953167,0.00757523,0.0057982,0.00421557,0.00284463,0.00170605,0.000825892,0.000245607,0.000112435,0,
0,0.000596963,0.00147236,0.00258087,0.00388268,0.00534717,0.00695188,0.00868067,0.0105218,0.0124661,0.0145062,0.0166348,0.0188448,0.0211284,0.023477,0.0258813,0.0283313,0.0308163,0.033325,0.0358455,0.0383658,0.0408736,0.0433563,0.0458014,0.0481961,0.0505278,0.0527841,0.0549525,0.0570208,0.0589769,0.0608093,0.0625067,0.0640582,0.0654535,0.0666829,0.0677376,0.0686092,0.0692906,0.0697753,0.0700582,0.0701352,0.0700033,0.0696614,0.069109,0.0683473,0.0673791,0.0662086,0.0648414,0.0632849,0.0615478,0.0596402,0.0575738,0.0553615,0.0530174,0.0505569,0.0479962,0.0453524,0.0426434,0.0398875,0.0371032,0.0343092,0.0315239,0.0287658,0.0260522,0.0234002,0.0208256,0.0183431,0.0159665,0.0137081,0.0115792,0.00959025,0.00775085,0.00607058,0.00455945,0.00322879,0.00209243,0.00116862,0.000487073,0.000161481,0.00019311,0,
0,0.000374947,0.00102782,0.00190822,0.00297592,0.00420196,0.00556613,0.00705442,0.00865681,0.0103655,0.0121736,0.0140744,0.0160605,0.018124,0.0202561,0.0224471,0.0246869,0.0269645,0.0292687,0.0315879,0.0339102,0.0362239,0.0385167,0.0407768,0.0429921,0.0451507,0.0472407,0.0492504,0.0511683,0.0529831,0.0546838,0.0562596,0.0577003,0.058996,0.0601375,0.0611163,0.0619243,0.0625546,0.063001,0.0632584,0.0633228,0.0631912,0.0628625,0.0623361,0.0616133,0.0606966,0.05959,0.0582993,0.0568314,0.0551951,0.0534003,0.0514584,0.0493823,0.0471859,0.0448844,0.0424939,0.0400314,0.0375144,0.0349609,0.0323893,0.0298179,0.0272648,0.0247477,0.0222836,0.0198887,0.0175778,0.0153648,0.0132617,0.0112794,0.0094271,0.00771277,0.00614331,0.00472513,0.00346476,0.00236994,0.00145129,0.000726619,0.00025211,0.000231266,0.000248714,0,
0,0.000199037,0.000664305,0.00134216,0.00219469,0.00319633,0.00433026,0.00558538,0.00695383,0.00842928,0.0100057,0.0116765,0.0134346,0.0152717,0.0171788,0.0191463,0.0211638,0.0232206,0.0253057,0.0274078,0.0295156,0.0316179,0.0337034,0.0357608,0.0377789,0.0397468,0.0416535,0.0434881,0.04524,0.0468986,0.0484539,0.0498958,0.0512147,0.0524014,0.0534473,0.0543442,0.0550845,0.0556617,0.0560697,0.0563038,0.0563599,0.0562352,0.0559283,0.0554387,0.0547674,0.0539169,0.0528908,0.0516946,0.0503349,0.04882,0.0471595,0.0453644,0.0434471,0.041421,0.0393007,0.037102,0.0348411,0.0325351,0.0302015,0.0278579,0.0255222,0.0232118,0.0209436,0.0187341,0.0165986,0.014551,0.012604,0.0107687,0.00905447,0.00746872,0.00601735,0.00470475,0.00353433,0.00250925,0.00163362,0.000914974,0.00037536,0.000180381,0.000305596,0.000276065,0,
0,7.2563e-05,0.000380653,0.000879422,0.00153495,0.00232642,0.00324124,0.00427165,0.00541219,0.006658,0.0080038,0.00944338,0.0109695,0.0125739,0.0142476,0.0159807,0.0177633,0.0195849,0.0214349,0.023303,0.0251784,0.0270508,0.0289099,0.0307455,0.0325474,0.0343057,0.0360104,0.0376519,0.0392205,0.0407067,0.0421013,0.0433952,0.0445797,0.0456463,0.0465871,0.0473945,0.0480615,0.0485819,0.0489502,0.0491616,0.0492125,0.0491,0.0488226,0.0483798,0.0477723,0.0470023,0.0460731,0.0449897,0.0437581,0.0423861,0.0408825,0.0392578,0.0375233,0.0356919,0.0337772,0.0317941,0.0297578,0.0276846,0.025591,0.0234937,0.0214095,0.019355,0.0173462,0.0153985,0.0135264,0.011743,0.01006,0.00848742,0.00703341,0.00570412,0.00450368,0.00343435,0.00249683,0.00169096,0.0010169,0.000478325,0.00012113,0.000238939,0.000342537,0.000275974,0,
0,4.12367e-05,0.000174567,0.000514695,0.000991633,0.00158836,0.00229685,0.00311287,0.00403331,0.0050546,0.00617205,0.00737961,0.00867005,0.0100351,0.0114659,0.012953,0.0144867,0.0160574,0.0176552,0.0192707,0.0208943,0.0225168,0.024129,0.0257219,0.0272867,0.0288148,0.0302973,0.031726,0.0330923,0.0343879,0.0356048,0.0367349,0.0377705,0.0387041,0.0395285,0.040237,0.0408233,0.0412817,0.0416071,0.0417952,0.0418425,0.0417464,0.0415053,0.0411184,0.0405863,0.0399109,0.039095,0.0381428,0.03706,0.0358532,0.0345305,0.0331012,0.0315757,0.0299656,0.0282834,0.0265424,0.0247569,0.0229415,0.0211114,0.0192819,0.0174685,0.0156865,0.0139506,0.012275,0.010673,0.00915671,0.00773695,0.00642282,0.00522158,0.00413842,0.00317632,0.00233598,0.00161601,0.00101324,0.000523582,0.00014322,0.000130073,0.00029365,0.000339542,0.000251006,0,
0,7.7017e-05,5.0108e-05,0.000240995,0.000559843,0.000979798,0.00149742,0.00211195,0.00282228,0.00362574,0.00451795,0.00549293,0.00654351,0.0076617,0.008839,0.0100667,0.0113359,0.0126381,0.0139647,0.0153072,0.0166578,0.0180083,0.0193512,0.020679,0.0219841,0.0232595,0.0244978,0.0256921,0.0268352,0.0279203,0.0289404,0.0298889,0.0307591,0.0315448,0.0322397,0.032838,0.0333342,0.0337235,0.0340013,0.0341637,0.0342077,0.0341308,0.0339314,0.0336088,0.0331633,0.0325962,0.03191,0.0311081,0.0301953,0.0291771,0.0280607,0.0268539,0.0255658,0.0242063,0.0227863,0.0213175,0.0198123,0.0182835,0.0167444,0.0152085,0.0136894,0.0122005,0.0107549,0.00936527,0.00804331,0.00679992,0.00564478,0.00458616,0.00363068,0.00278306,0.00204595,0.0014198,0.000902965,0.000492961,0.000196416,0.000133781,0.000247184,0.000311908,0.000302493,0.000205684,0,
0,8.48807e-05,6.02391e-05,5.17275e-05,0.000238035,0.000502618,0.000848231,0.00127726,0.00178978,0.00238341,0.00305374,0.00379491,0.00460011,0.00546202,0.0063731,0.00732579,0.00831267,0.00932653,0.0103604,0.0114076,0.0124616,0.0135162,0.0145655,0.0156034,0.0166244,0.0176227,0.0185927,0.019529,0.0204261,0.0212785,0.0220809,0.0228278,0.0235142,0.0241348,0.0246849,0.0251595,0.0255544,0.0258654,0.0260889,0.0262216,0.0262608,0.0262047,0.0260515,0.0258007,0.0254522,0.0250071,0.0244671,0.0238349,0.0231142,0.0223096,0.0214265,0.0204713,0.0194514,0.0183748,0.0172502,0.0160873,0.0148961,0.0136871,0.0124712,0.0112594,0.0100629,0.00889287,0.00776002,0.0066748,0.00564709,0.00468603,0.00379988,0.00299587,0.00228003,0.00165717,0.00113101,0.000705178,0.000388143,0.000215464,0.000222906,0.000280488,0.000307116,0.00029342,0.000241044,0.00014708,0,
0,6.66014e-05,8.2905e-05,6.03922e-05,4.93278e-05,0.00016814,0.000362827,0.0006255,0.000954451,0.00134652,0.00179721,0.00230122,0.00285278,0.003446,0.00407498,0.00473401,0.00541758,0.00612044,0.0068376,0.00756432,0.00829608,0.00902855,0.00975756,0.0104791,0.0111892,0.011884,0.0125596,0.0132124,0.0138384,0.0144339,0.0149952,0.0155185,0.0160002,0.0164365,0.0168241,0.0171594,0.0174394,0.0176609,0.0178214,0.0179185,0.01795,0.0179146,0.017811,0.0176385,0.017397,0.0170871,0.01671,0.0162676,0.0157623,0.0151973,0.0145766,0.0139047,0.0131867,0.0124285,0.0116364,0.0108172,0.00997825,0.0091271,0.00827165,0.00741995,0.00658013,0.00576025,0.00496822,0.00421168,0.00349791,0.00283371,0.00222531,0.00167837,0.001198,0.0007893,0.00045979,0.00023318,0.000186,0.000258648,0.000313893,0.000325578,0.000297275,0.000239866,0.000166031,8.5188e-05,0,
0,3.43315e-05,6.64754e-05,8.44544e-05,7.65346e-05,4.13895e-05,6.78414e-05,0.00018517,0.000345106,0.000541703,0.00077135,0.00103052,0.00131568,0.00162335,0.0019502,0.00229304,0.00264887,0.00301486,0.00338837,0.00376691,0.00414813,0.00452981,0.0049098,0.00528604,0.00565652,0.00601926,0.0063723,0.00671368,0.00704144,0.00735363,0.00764828,0.00792343,0.00817713,0.00840745,0.00861251,0.00879048,0.00893963,0.00905833,0.00914508,0.00919857,0.00921767,0.00920153,0.00914937,0.00906077,0.00893562,0.00877417,0.00857698,0.00834498,0.00807949,0.00778216,0.00745504,0.00710055,0.00672144,0.00632083,0.00590212,0.005469,0.00502539,0.00457543,0.00412337,0.0036736,0.00323052,0.00279852,0.00238192,0.00198486,0.00161134,0.00126507,0.00094949,0.000667759,0.000422934,0.000219238,7.8115e-05,0.000113748,0.000193923,0.000243319,0.00025879,0.000243447,0.000203179,0.000146617,8.52012e-05,3.20281e-05,0,
0,0,0,0,0,0,0,0,0,0,0,0,0,0,0,0,0,0,0,0,0,0,0,0,0,0,0,0,0,0,0,0,0,0,0,0,0,0,0,0,0,0,0,0,0,0,0,0,0,0,0,0,0,0,0,0,0,0,0,0,0,0,0,0,0,0,0,0,0,0,0,0,0,0,0,0,0,0,0,0,0,
